sample_feature_1,sample_feature_2,sample_feature_3,sample_feature_4,sample_feature_5,sample_feature_6,sample_category,risk_category
-1.140301842052319,-0.8196215945423252,0.8122283328186743,0.0059540198781815375,2.618620908074211,0.8766665803753925,A,1
-0.061994527715162784,-0.13253162542077526,-1.262173517799135,0.07108358329652902,-0.8376519783854267,0.04172571980207207,C,0
0.04301403087935629,1.047520814109763,-0.06436753293742203,1.0090829826044205,-0.2955328502030449,-1.4104733392656885,B,1
-1.8020309496425355,0.8288035601267857,3.407415732148324,-1.1789605799911382,0.6913462572332851,1.875055380039433,B,1
-1.5507993185097226,0.3204761522604667,0.30950399555747543,-2.072668950314001,0.7788800861949975,0.4184053145174308,B,1
1.2119630063716451,-0.20845077826930306,-1.8593706979889781,0.5847290911425383,-0.8721753009364539,1.3510626085073476,C,0
2.361125027176525,1.7664555539187887,0.5665425890999045,0.7292012368557657,1.0686217585530717,-0.6342415733963069,A,1
-1.735904419158874,-1.550220787596425,-0.8596799309862245,0.9374289033969128,-0.5826115861995848,-1.5725584686284737,C,0
-0.18433187834721698,0.7014717166517581,-1.2869124003473997,0.08600439515999685,1.1710427639912826,2.3400452078427714,A,0
-0.5001293416961415,-0.23333032725571268,0.1553494962024482,1.464202631182478,2.182391351571387,0.8004253817819401,A,1
-0.005679047636442558,-0.06890997639099113,0.22985869825443284,-0.16162674846189562,-0.6843618016972609,-0.35755934777884135,B,1
1.256096820234899,0.968807814063367,1.1008649742659813,-1.4176694013657003,-0.31257927806006025,-0.3521066034225452,C,1
0.17173776616518932,0.6115715502997575,0.2577134154717693,0.8967974826053006,-0.15342721200970066,1.0849870350516002,C,1
-0.09011164276427985,0.5690862894899169,0.15114669606609055,-1.0485912942762896,2.415295720908211,0.9733207612507524,C,1
-0.9507152663690328,-0.4012009256103418,-2.245634320236509,-1.534579297380812,3.0170932074465764,3.8258812868883525,C,0
1.8670191347077683,0.9883005443494923,-0.971388268168843,-0.9159220902704069,-1.5102240648328185,-1.3245751806483095,C,1
-3.1773436688053547,0.46526206987930924,1.7334706487484683,0.8352064233295164,-2.9266280595725735,-4.797528377608983,B,0
1.4300449970448195,0.9449891033686537,0.3406724742149332,0.41371271362130946,-2.1455171896643783,0.01023551514092269,A,1
-0.4974852398742985,-0.8586201300657665,-2.34981988333368,0.2308155848317304,-1.2319140377705877,0.531634991087871,C,0
-1.2271022472209623,0.08437350276606223,-2.943646821360658,-0.2685504093247245,1.5172331531092902,1.870080615505039,B,0
-2.325399795919123,-0.24067155750025004,0.7156648812421325,-0.8486962987765218,1.8825813597273724,-2.1528389292518746,B,0
-2.0610495463581726,1.2459348857769266,2.2501551336063734,1.0319426969691123,1.102907968900922,1.190499944158312,B,1
-1.4404730210429484,0.15844787116916886,1.6145983409281133,-0.10227786726048486,2.49701651054221,1.158601575128779,A,1
-1.693344704037807,1.0046722700761965,-2.1874508256001692,1.612603858913884,-2.286332422812373,-0.6107711423188864,C,0
-0.6591865571626927,-0.1671278515659971,-0.736216041685593,-0.6005354086610949,1.4712975956482637,0.28100664634965633,C,1
-2.776967231993745,-0.9139185550706983,-0.6321180098988644,0.9227661820284463,1.0204419008932892,-0.4489469084100536,B,0
1.40023802579679,0.8710352353107661,-2.211960373102609,-0.2701800102324092,-1.9887942838789687,-1.9829546309353392,B,1
0.9204541363662582,0.4117321054889081,-1.695068707793242,-0.27337749737770095,-1.2070333505071145,0.571035639908742,C,0
-2.156593189077422,-1.0119190637773463,3.1912279497128204,2.4224564229212397,0.16371914917863795,1.607953798416828,B,1
-0.8012871227851551,0.131535112986163,-1.0145482579102498,1.1249199941936312,-1.442037554286849,-0.6952296651428733,B,0
-1.0959084329629234,-1.7407904086290025,2.364614088777805,0.3531642948812265,-0.05452198316390833,1.6252120674825525,B,1
1.0805256923489694,-1.1613618309029177,-2.0235313604485343,-0.35488286733386903,-1.320703840447039,0.7732786304124768,A,0
-0.08509108121205855,0.7306709060632257,0.2676958127703615,-0.514380601490877,0.6606731410647244,1.0011633673588651,A,1
0.3105742559406195,-1.5601105069095194,-1.2011515205262833,0.44007359523518,-0.5213955042275187,0.8311597875337196,B,0
-0.635408275725468,-0.667924930391628,0.5873908885129164,-2.1468209321668206,1.5673136500682923,0.9501157073835503,C,1
1.0555880066751224,0.2565024364794488,0.20929142555441382,-0.5156407531485049,-0.9770757258162642,1.2082360321984704,A,1
1.138297426226731,-0.21927752068446632,-1.179773273773449,2.519518819872356,-1.0551838364318746,1.083240468086068,C,0
-1.5742330113856746,-1.3911026326737632,0.4938495687440726,0.22540516198220312,1.3510076351425753,0.5171099989666446,,1
-0.18516998318671174,-0.2686545209265599,1.9814618343042736,1.547088420720602,2.082601447434116,1.8488305288486993,A,1
-1.8746304625250318,-1.6520502676056625,-0.47062516659725206,1.7661166846496132,-0.2943824999068252,-2.5224102399197132,B,0
-2.494391589585273,-0.898881399021581,-1.9247947933032665,-0.07529859464191546,-2.9866961552287297,0.1836230420628031,A,0
1.645389967217717,-2.641955258543468,-0.7694722838480395,0.8540826229401582,-1.7700728411415327,-1.361449103483551,C,1
0.2644261807739635,-0.7256837012582228,-1.0678428354982044,-1.0783413618200541,-0.6156272207646125,0.6616206480277229,C,0
1.4852320412874525,-0.5954285737449863,-1.2879216369326505,0.38117177255324114,-1.8596773996914644,-0.7865959670303149,B,1
1.4702017448641969,,-1.444609301698566,-1.6273464734833762,-1.961324081426064,0.4134452110068513,A,0
0.8919507495887284,-1.034618659107245,-2.5691172329291536,1.8199385673191661,-3.614623885248518,0.11912119168638702,C,0
-0.9826690501739366,0.6818173582971742,0.8343380302560254,0.036585008966342834,0.007484110552622436,0.9067309333210394,B,1
0.3784932356595978,-0.906781784269725,0.00542831262155441,-0.6109909552176946,0.24625681129832566,1.0557622754876275,C,1
0.33803782505825586,1.7099086814077074,-0.07896731395715517,0.6674460239832191,-1.295935047489918,-3.573232702173413,C,1
-0.9636296592255809,-0.08251373832069059,0.402020042673617,0.08796320752316432,1.0358187147464248,0.7171915826828859,C,1
1.0133807062236901,2.0913790773911662,-0.9813847047163455,0.3947704003001966,-1.3915124730069084,0.587799729757052,C,0
0.0651516881502976,-0.09018899992451593,0.7655471330944488,1.0204921999415826,1.7615102808283156,1.3332822242172049,A,1
1.6271103600963475,1.3234182751479797,-0.9884654674300166,-2.427912217212855,-0.1975190083336703,-3.919882938449257,B,1
-1.2106360887196148,0.41729193351462196,-0.007734666983731708,0.8431554477945045,-1.4419753822854984,-1.5213662392785856,B,1
0.7418416813294136,0.3914695928703765,-2.479909292036749,1.7197575761510981,-1.103600928586657,0.6530249458105422,B,0
-0.6907173693316582,1.0483360942807385,2.1273121827149013,-0.3989296949996765,-0.06547425474374813,1.6725516773075697,A,1
-0.7090435411531382,-1.2993236017827896,-2.940206780670832,-0.36435490988652924,0.29497949071413565,0.854604115416765,B,0
-1.52453686059925,-0.17003706952921502,0.2631292863643657,-0.2762318283711555,0.19901954479191342,-1.5553698565996545,A,1
-1.9586807440188487,-1.3650300479038122,1.9297211953905087,-0.03303090898673843,-1.4960244219575012,1.0194149477776688,C,1
0.5105175960663493,-0.14597543230768695,0.7406547825847107,0.6573864378996042,-1.168915733970945,0.45456279649925513,C,1
0.8527150023509324,0.9975087863295627,-0.6447846502953734,1.1789550832674272,0.202432610092123,2.241130543653497,C,0
1.7421949329230644,-0.3597852173043724,-1.0048180891066683,1.6080305722689119,-2.6218368510375667,-0.2811541488260545,C,0
1.5309531148963176,1.039610381948918,-0.8563428572885088,-0.8519173929423851,-1.6131388891627392,0.7099456249025262,B,0
-1.739331901937305,-0.19894294382880132,1.3927523941956783,-0.06113075899787062,2.128673485993721,0.9171248011718462,C,1
0.16627974345100527,0.9751095905173741,1.5644703007558087,2.3334715358969236,-0.4877783302809944,1.7360190639092428,B,1
0.7615978153668208,-1.5457373088085276,-2.176968433747242,0.4205438025657901,-1.166164104159749,-0.6655935102069925,A,0
2.3407995621450293,-0.9856513827926686,-0.43285471420073474,-0.8502692801968069,0.37434077606685223,0.04544052684139266,C,1
0.9013828914011359,1.3469154638699954,-0.36123461304908966,1.1231501004816988,-1.0427028533829574,0.8528766513876365,B,0
-2.423383411462849,-0.5239826832979839,-1.4661006609111498,2.148625525356763,-2.0090553511433527,-1.7708369417527785,A,0
0.11072580109453212,1.9062709441601786,-1.4717510232464686,0.15493098118819504,-0.9599492812989731,-1.0833804354224381,B,1
2.150836931964478,-0.4281293412965732,-2.1712999892194453,1.340933507741839,-0.07035436898486802,-2.615722267045637,,1
-0.12220549623886445,-0.9532139858799622,-1.0296189443882686,0.9952206840200453,-0.1836653032593275,-0.4894602372523633,A,0
0.9209397309588271,0.3812162146098273,1.2256410677904621,0.6452232825229,-0.021317775794462812,0.501078678644536,B,1
-0.3759501556583542,-0.12326589528700929,-0.1862289146333176,0.2610453942475175,2.1173386960090843,0.6767091103331626,A,1
-2.0229094951340034,-0.8945423791271551,0.6117686137255101,1.0446178893886198,-0.9332448773757402,-2.1808144425787757,C,0
1.1286393807729687,0.07646871554029325,-0.6268164548410214,0.17676947198708515,-2.4775219577440817,-0.5425346664956776,B,0
1.8649897081408358,-0.8744801983147179,-0.30262042337172357,-1.4045975727065831,-1.609359347973802,1.1617771300232063,A,0
-0.8952646510588459,0.28276456654758264,2.5718021475738095,-1.3878135107947025,1.3874252684801442,1.8438346822402125,A,1
-2.4575704207609346,-0.3664732479200673,-0.6585231232900726,-0.47069704180016775,-0.6669619646332869,-1.9072067066614395,B,0
-4.834552331921869,1.2462861609231595,1.7183552160644515,0.6407943606482187,1.577378712180912,-4.569194053695847,C,0
-0.7436480008769748,-2.608768734440189,-0.5289525552910814,0.2433508197212027,-1.5606423215815213,-2.1024658730112225,C,0
0.6130968061156404,0.6985837337762039,-0.701739149890625,0.8805106882156348,-2.062206202693508,-0.529739544059195,B,1
-0.8451774889812196,-0.17466628867854772,0.6845468514973805,-1.1154755024110665,0.32784753347673357,0.8902785658907403,A,1
-1.8651739045529996,0.04678203938819044,0.28674153633315536,-0.36110791808183107,1.1559552349950766,0.286407775183357,C,1
-0.039620625284899624,0.2883218191824056,-0.8940055488187348,1.231197280646529,-1.3120614402090955,-2.0765235319652593,B,1
-2.22668724775891,-0.07499130121125994,3.320143549758158,-0.5230368673273819,0.41115695410595476,1.6537893471373806,C,1
-1.198326920513332,0.3632488669309544,1.6673516371038208,-1.0793027873277414,4.27144632710806,1.31254281818371,A,1
-1.901911651408212,0.5796416488589671,3.27832312084816,0.09773538609371424,2.860073296977311,1.8115846144615286,A,1
-0.35153995797723614,-0.30116661974325676,-1.17399408519245,0.09467250749000349,-0.2627774146268641,-0.6893454809812678,C,0
0.6139618104853697,0.02305518847982946,-0.14576457379622598,-1.1429939707765968,-0.7902288187434584,0.7260978361288712,C,0
-0.8179201216086722,0.6725269593883341,3.5370757523563756,0.2476452662122606,0.5328681994194913,2.3368806495181973,B,1
-2.3829337145420553,0.06023870927873409,0.9644430336696834,0.9924432966582861,0.6550949650772508,0.4083059536920206,C,1
0.5706850468298114,1.362527369656858,-1.1774552693323084,-1.2815774590504725,-0.5768124034119239,1.0489798306354157,C,0
-1.097200891979725,-0.5825565078633486,-1.4165086732596803,-0.6521841117367292,-1.1539991493807547,-0.012655162320701074,B,0
1.0792316658128893,-1.5618444500152104,-1.0268754086520573,-1.4426325942314986,-1.5851557623746642,0.41100177755429157,C,0
-1.9861668972740807,0.8848456542009614,-1.1146563069547748,-1.2118413495431504,-2.2193218079127295,-1.5267533972365346,A,0
-1.0251380898587545,0.03397178038364067,-1.3107076084136242,1.1894338037618433,-1.4009490700400478,-1.3433734363178056,A,0
3.2833905981434617,-0.6008432686648155,-0.8786323391512603,-0.5769643249804378,-1.0836927314071838,0.9770069689911633,C,1
-0.11255568666327642,-1.1483107875154437,1.231320153748819,-0.4552341747476113,0.11750897402997684,1.462903890928196,B,1
0.20031631145020168,-0.29907610933482026,-0.4564646954250896,0.521055624580556,-0.8696827517761285,-0.14805044899282616,A,1
-1.5134087105443015,,0.2878654211977941,0.34930461503281257,1.4078820484567738,0.4447953370173763,C,1
-1.120178965718509,-1.139360959606701,-1.544785687712416,0.10670210683655341,-3.0550029129046172,0.5166567670609696,A,0
-2.527912281067352,0.29040162296851435,-0.030780442524248164,-1.3094625198424936,1.546371620257669,-3.017858551310098,C,0
-0.9012499489557941,0.7910088248495886,-1.9181853466110361,-1.2993507727304152,-0.04445268205897712,-0.5792266066953639,A,0
0.19820275699842338,-1.2308592312915567,-0.37574180904723997,-1.654577401278184,-0.7281186359855485,-1.7253285594178513,C,1
-0.8476920316761174,-0.5367192273056031,-1.0844345456874502,-0.34447076252012176,-0.5467546889609465,-0.8441316112184751,C,0
0.33516964526056836,1.9020003670073793,-1.7841561625086855,0.656571497753158,0.7179930031576911,2.38485661590079,C,0
0.5042174689788685,0.2898248388748581,-2.2214990109541923,-0.44991724620138485,-0.5677732835220053,-1.2234234935281816,B,1
0.6888770772716919,-1.2198217467608434,-4.137085991756855,2.228511586438228,-1.687085896022547,-1.030686929195049,B,1
0.5822059206970027,-0.2270799381162169,0.08942856291073609,0.5515186565986183,3.1938112709369846,1.2393809028710137,C,0
0.5046558333131274,1.6689058343307837,0.09988217560202073,-0.7893964192202175,-1.5439352065636083,0.4366399734032711,A,1
-0.10692132687269829,-0.10552532806532919,-1.4607058280902812,-0.4002804790096892,1.773361543621657,0.14668501435117764,C,1
0.8764583394866728,-0.5588078311279582,0.09883268129328293,0.17643184576696977,-0.6842698367562298,1.1138166623235364,B,0
0.4153092667745505,-0.21593036934972118,-1.6656087282266654,-0.7519436616650478,-0.4033149263055319,1.1440413234011255,B,0
-1.3427461992889524,-1.6687970223674118,1.9852798022464904,1.1082852204444689,2.861764546723279,1.390841187516798,B,1
1.4018480180587356,-0.5628010425379996,-1.806593526212133,-0.14644057871469274,-2.1763642440860393,0.033863429277388835,B,0
-0.10657282284234937,0.30897239951483085,0.014437029952289127,1.1306732106638893,2.4321349950292834,0.9013573645055126,A,1
-0.6730461109680392,0.8789093565172021,-1.709821361159519,0.6399828507133413,-2.195710980521045,-0.8661205120965683,A,0
1.7629418706390578,-0.43732959454068726,-1.4646382261708777,-0.5133552071964067,-3.295949162115325,-1.0285327079253084,A,0
-0.8925784515343157,0.41323591510557117,0.28097141691675886,-0.4228533983407187,-0.46008533008486685,0.6523286997476623,A,1
-1.5314160939254429,0.8184903662307974,0.39013815508107363,-0.7953170645143626,0.08424081462541078,0.45155310813975647,B,1
-2.011970681980433,0.1605197636034175,2.1010581667084574,1.1283418673281178,-0.05009650666944676,1.1124613888753,C,1
0.7674018236383169,-1.0582321486945814,-1.064648454424935,0.3081917735796738,-0.4485898501558855,1.4309608210045135,B,0
-0.6939315582241482,1.7079485495561058,1.1449284869241814,1.1208809822967738,1.1949344677044644,1.2079982854465507,B,1
-2.5480797309888072,0.994397780687697,0.1625324795591654,0.9277424005288427,-0.6124619798746692,-3.7246131237757596,C,0
0.5910692231102583,1.7474969418891897,-1.5353772013079516,-2.0078398996644493,-1.9312481358303515,0.5844879577635953,B,0
1.4959909397501894,1.55911125308812,-1.1951203187811688,0.5515395192551811,-1.704791516495507,0.6042499335099042,A,0
1.4940272037872648,0.9239714278716225,-0.633406759086528,-1.8887237159105552,-1.5501188031909106,0.7986321037882412,C,0
0.5557290734454223,-0.4913542795811953,-2.0047377137812976,-2.645394145694028,-0.957279306507465,0.26695476723410727,B,0
-1.2329093373436053,2.264193283830899,-0.5685943748715705,0.0551653992039538,3.085514294712248,0.160983811691358,B,1
0.18097935811105825,-1.0759737160984917,-0.788643088261317,-0.8987317423216469,-1.0155712570257658,-0.888010190019819,B,1
-2.1977744870995837,-0.03513333461816017,1.9589121950155168,0.47145207718798043,1.8813201521271288,1.0068953336252922,B,1
-1.5677118323961765,-1.6443744412371393,0.8562947648897099,2.0265754136112673,1.5139187106089045,0.7032135395544916,A,1
-1.1214432202356628,1.8208188803400989,0.16645099250400863,-0.341151904501785,1.9619953453901369,0.5494690154375605,B,1
0.17222206077707602,-1.1191258120803118,-0.7560757202112689,-1.1217980235976779,-0.18535870379228847,1.103246168569577,C,0
-1.44786684912461,-0.2903592468833351,0.35009077360410545,0.7158337917644441,-0.34807941276974264,0.4595942184077231,A,1
-1.413816614560569,0.49605502445178673,0.31973482952141874,-0.2574067803183537,3.530194362552883,0.5414219297729044,B,1
-1.2356503173804454,-0.9995705122867118,2.482485548439972,0.13418414229010642,-3.886140165047845,1.5415197283305135,A,1
0.9135768604335499,-0.5193018440390127,-1.7977353723329825,-0.1966927698722249,-0.9853166155723277,0.7931386480311878,B,0
-2.2529839158420204,-0.36780732161459356,1.6242812589468953,0.6414985785288613,0.526405236195602,0.7905134290078164,B,1
-2.5720202882615406,-0.10103117900912481,-0.17802178097769927,0.30772614010876054,0.49949556172039067,-1.7801333346461963,C,0
-1.3711643311095214,2.051646191004441,1.81475017006081,0.1081114110324643,1.1762941414623798,1.2643739185327574,A,1
1.5185974516656686,-0.9060007530806142,-1.2493720428735733,-2.303274487592073,-1.8599420493922039,-1.2910615511974568,A,1
-1.5011824867878818,-0.00800403248925917,0.1302849513980846,0.09013966007332798,-0.5509058543386041,-3.181199962887719,B,0
-1.5933445214739543,0.32573571302889065,-2.4865654760629505,-1.6624389636231869,-2.3529205783640172,0.23421545115491527,C,0
-0.5663602920156479,0.006723832132849176,-2.00089039658178,0.4249923400464393,0.7886016427039944,-0.33025321893450665,C,1
1.5758545686177852,0.9486498964101034,-0.842886336135955,-0.561846112917767,-2.2935612991898826,0.15211188974340584,A,0
0.9377371786930485,-0.24858945858564335,0.6658058742889374,0.6041475670157335,-1.1130522591611574,1.1092914727117331,A,1
-2.841166131734626,-0.19985917996544783,3.460202044119884,-0.5663219191044894,2.6785246819367914,1.5138487243350975,C,1
-2.0646258211467234,-0.010840767559824266,-0.8637265072876263,-0.2798122299796351,-2.3706897230320565,-0.5632852137311118,A,0
-0.4663776634496918,-1.0768575289541433,1.2061166586871468,-0.19419574703469358,0.030998182008174613,-2.0152908030214847,,0
-0.12411420768343007,0.4462948033029757,-2.829159020556765,-0.8195687445733283,0.5719114449896308,1.907418261742357,A,0
-0.24858283109171542,0.19626597206611035,-1.8712967527121847,-1.6759493145476618,-4.2721310029086474,-0.024439152135063535,C,0
-0.35117862525799826,-1.0219816573476432,1.039931794734212,1.2863407146394097,0.25948313897595343,1.274711769327875,A,1
-1.5706423825882816,-0.40825935073331365,-0.05939424843924379,-0.7040447635104772,1.6956939570425582,0.24855916296317526,B,1
-0.808274678336911,-1.5862392511741643,-1.0752849087977143,-0.9541112596028998,1.6949684021101419,0.05142765610420896,B,1
1.1288174508817674,0.05947317416953429,-1.262373393095081,-0.4012779810296377,-1.0079367765769347,-0.8640971368352324,A,1
2.240660181344313,,0.9494086222097835,-0.9353059551804005,-1.2354278470778186,1.8310926295264753,B,0
-1.687931180225173,-1.4126368163103993,0.27032260278056186,-1.0723882547422807,-0.027972548333695113,-3.584433565607561,B,0
1.35477641458367,-1.856043326869454,-1.0474911760132617,-1.3768970417896995,-1.0645512571829527,1.3404501283575527,C,0
-0.5676444694642091,1.1144725305479388,1.2181670502567352,1.1240726106125611,0.437015923144746,1.271397857228097,C,1
-0.7919758890965939,1.2221695443178155,-2.6408066209286454,-0.5786518858088301,-3.445534925616727,2.0552458098625928,B,0
-1.2815023962050622,-0.14415059202089922,-0.3033812916552985,-0.1367490438372778,2.667469874251929,0.26121533185485923,B,1
-1.604378792170551,1.3186068360130987,-3.364448947036164,0.4614183247864621,-1.4138851238459846,1.8663140474241233,B,0
1.6864079172582755,0.19872033537489062,-1.2420537234591504,0.467610690173198,-1.9255109600474372,0.5315781690347505,B,1
1.0591577631175153,-1.5470856125341972,-0.28656493341420464,0.10160001330452716,-0.4931620623744386,-1.0825812116830356,C,1
-0.622687367598954,-0.6993129220137123,-0.06389125499362391,0.43123337614643725,-2.3762908228417325,-1.0502742348793817,A,0
1.7031059978104133,0.23615672207708246,-0.4578242263631471,1.7364428047662932,-1.3328344845713562,1.249865928275196,A,0
-2.5659231780361758,0.7751506073256638,-0.4888185280015718,-0.6334258070750713,-0.1600938320319033,-0.9019721810529151,B,0
-2.0619403096544127,0.29962607192780993,0.14519627085358344,-1.1359349215622772,-0.3837410848923606,-2.125284255845174,A,1
0.5725758771817958,-1.4195989634559774,-1.77585509083021,0.4800391512100673,-0.8330857633323993,0.8424000105311782,A,0
-0.5914122542196627,-0.9304230448619791,-0.06095041123406142,-1.0474118172928488,0.896940660675545,-1.0628194923033818,A,0
-1.1236550721978826,-1.1460254274828001,1.575507456055873,1.6411502702394773,2.0602135203990954,1.258285529010915,C,0
-0.011300953876943742,-0.8485293209787669,-1.480576821322568,-1.6119920018081286,-1.4987324398587374,-1.0329021926938473,C,1
2.8516768773490435,0.33936336256620386,-1.2266429013165026,0.6099426729342815,-0.7130109011890426,-0.40772088137946016,C,1
2.1101618942981766,-1.2102371219116748,0.5035222301959785,0.24566868663464814,0.15150349681762254,-0.014204734163435817,B,1
1.9883004007476208,1.3966338866194365,-0.4269714597930512,0.30677539280396804,-0.5227131803957491,0.17470764273586825,C,1
0.4554224950270831,-0.5745214208193453,-1.6935879102588096,0.9108521741223902,0.21260473765735033,1.8772649398943408,A,0
-0.036350972990754626,0.2573091041367319,0.8554355017642357,1.286398085830464,2.2661017110901316,1.348049730802498,,1
0.8209188679856347,-1.1216955035185305,-0.6117187544532097,-1.093055390788778,-0.47850093958484163,-0.5956180608966544,B,1
1.549073613442744,-0.49616947201655626,-0.6936642575130707,-0.318448490330776,-2.0062894483916613,0.3241186647249298,C,0
-0.5002507691816453,-0.725584298049311,-1.0854612476630816,-1.0799567427198007,-0.012650407007529396,-0.8096987570395505,A,0
-0.1885809777952423,-0.34784797101659237,-0.3871847576635139,1.665683909444972,-0.040624367050624,-1.1618403721815564,B,1
1.0147987067075934,0.2882392270885654,-0.11857854248518596,1.1653698537661084,-1.0200277460787863,-0.06584282681547549,C,1
-2.028576812505169,-1.7573406370728761,3.2977664169096963,0.021430571375766864,0.26236668758828185,1.7203369416552192,B,1
-0.08866138194026263,0.4243017999521877,-2.303111973376386,0.038598032157294494,0.46194661713770935,1.7217363837293638,B,0
-0.9223212269037246,0.38181954994458805,1.4324687975130068,1.159970666641481,0.26846052563000256,1.2400929791440998,A,1
-1.3188068126703312,-0.5929919940473262,-0.07995493011849675,-1.430430172192788,1.491435871013232,0.32949711602445664,B,1
-0.6802768481647024,0.3851372828049832,-0.677980754946212,1.3661332389467349,2.8430209086888016,3.9122830360020444,A,0
-3.3404452645968132,0.3538101847729579,-0.8998412640233883,0.6514098621027953,-3.9409527224605556,-0.8590759353273898,A,0
1.2732795251564446,-0.07441420792352121,-1.8498848253607676,-0.07018625621741399,-3.108079021779437,-4.152753372708588,C,1
2.922281811177207,-1.070983480604087,-3.022231618661656,1.0342639114328722,-1.8453937558126934,0.15755944885252493,B,1
0.9306010023085798,0.24598704812815397,-0.72910184347848,0.322340444477964,-0.1481527760895911,1.9021582026696175,B,0
-0.20325727027106555,0.18174189672707158,-1.3307941362923392,0.6346619438439383,-1.384813883470016,-0.5628187342854434,B,0
1.911841719098247,0.9891780243461133,0.23837546926171704,0.47574905587725336,-2.126929094614122,0.5544614963036476,C,0
0.6698891956175067,0.466942271931881,-2.1061810065487365,-0.5312192129997289,-2.50457285569905,-1.0832489221085948,A,1
0.697837900363116,-0.9860141426997233,-0.6907644727991007,-1.422939640543623,-1.445715703212171,0.18207016088680927,B,0
2.2132662466864774,1.0473054581760066,0.781499738377327,0.038857020567620956,0.2758968285498138,-2.5597665999442656,A,1
1.244884511494425,2.0959380675637926,-0.6922619819834925,-1.9488342665888199,-2.0515850646299194,-0.035010809619252514,B,0
-1.3770062933342357,-0.3888093409168996,-0.4921330196040974,-1.3660664998365404,-0.922900200926366,0.053652280400597996,C,1
2.2467780822364816,-1.9586651433122895,-2.5248238207507403,0.5782980230102686,-0.8404472214536747,-1.3566188938335886,B,1
-0.45870558793510563,-0.655216305934971,-0.19517549046441973,-0.10242471396012726,-1.1836072822623334,-3.087119022817897,C,1
-0.4188779591483791,1.4192691693630406,-2.3782252465225744,-0.5240680236527299,0.20395413720564726,1.0958268409555216,B,0
2.0229244736166616,-0.16883465823654814,-0.6920205431602493,0.21660278689131393,-0.98634744528899,-0.507169662363012,C,1
-0.7623120750988888,-0.34092888543515604,2.8559334393233398,-0.3370648256795763,-0.0066228638505017035,2.0156204662815678,B,1
0.14084627251207515,-0.14638062668713506,-3.438521193085858,0.6185183367546504,-0.8141830537538756,0.5335581140495054,A,0
-1.0892253657231508,-0.3107919110553914,0.7374873429193931,0.4867529215632014,0.03805123663249943,-1.5884125350716691,,1
0.8246344158130196,0.38386786011265894,-1.2555020118274485,-0.33955308421697794,-0.6778102619371698,1.1103901363971282,C,0
1.435110294777287,0.2575571918564652,-3.2597380633554534,1.6327762467860814,0.9453360274335185,2.273320803208515,A,0
2.723193434364093,-0.465909194175621,-1.1724438949878893,-1.3899489287030355,-1.133433211802907,-0.7089151211712652,C,1
1.8597282277731564,0.4788384261044732,-1.3704882096445625,-1.54922350820633,-1.0522295283361152,0.4485943739825422,A,1
0.862916875243366,-1.4718590677176215,-2.0270713053470626,-0.06922065896326182,-0.8383625489014168,1.0731959918705503,C,0
-0.6621761090090595,-2.2620802968778753,2.1762791800924592,1.331808579541239,-0.10630311458647523,1.706487013333323,C,1
2.0847435072706477,-0.13419034815919553,-1.2192699239706957,-0.7058104252308955,-0.725922020243398,-1.302722724645437,B,1
1.118837807324096,-1.1921507276533607,-0.6416166739448776,0.15238993470217255,-0.13040939469190305,-0.6149878231403478,C,0
-0.5677103305085152,-0.2805424858697825,-0.8628818996566505,0.7384419109132485,1.80753433680557,2.7464988750345363,A,0
-2.403844356542214,1.459699389213819,-0.5198247998496978,-0.6289797329458584,-0.15291557464033878,-1.9870688148653788,A,0
-0.3376192246540015,0.8433532839147059,-0.9739457616991749,-0.9397499346317001,2.776121712743671,0.3116159462977699,,1
-0.23923514046797345,1.5105908172534386,-1.0676857989277246,0.21506867025226611,2.5782650947182226,-2.594273869487207,B,0
1.3352127346686302,0.7613731656581043,-0.6760045240833701,0.38640915087217315,-2.273988189824852,-0.1956530638598415,C,0
-1.7838963122332945,,1.9493699096008987,0.5781619062860428,0.26304397594910545,1.1392095748671902,A,1
1.8885899625199252,0.8662369215087128,-0.964880106945423,-0.3934229414023958,-2.427481798851593,-3.3520335433358177,B,1
3.4054666795262567,0.6911593983220709,0.9878042201084456,-1.8609007692107606,-4.88274542450809,-1.2090308488776054,C,0
-0.3857170171241946,-1.0036875824704325,1.7283367874014466,0.3655233693761782,0.06434092718307893,1.6033556417295527,A,1
-2.0752895498543307,-0.04147665828858537,-0.6472241893780907,0.1865078122400692,0.25958899027384974,-0.4646342832465158,C,0
2.6948755056838953,0.5144537113936178,0.7267366579490939,0.296050204134496,-1.2145009813784924,2.3740915510531924,A,0
-1.3807093521705007,-1.2100956274570134,-0.8252807061605626,-0.7862537236065494,-2.59326381864679,-0.7465376483510895,C,0
-2.54291163102313,1.0682437495785087,-2.5713833310655696,0.3862872082325942,-3.0237367914727002,0.41635553725746055,B,0
-1.6243452961949991,0.23194321659616512,2.1988857405918143,-1.1197632046528996,1.6121722235948663,1.3589411255923203,B,1
-1.8373390599536013,1.3847027030027814,2.6997479054853293,-0.40876988110574136,-1.0116773997226143,1.4630969349141916,A,1
-0.8471077655868043,-0.5074219994487562,-1.2276369490779975,0.887096702785758,-3.163401700908261,-1.2937366048160013,B,0
1.1242674025191957,-1.1449279977052735,-1.8586914754873023,0.3950313108661558,-1.140847574618237,0.9435762408274261,C,0
0.4828101157766598,0.01495614083202041,0.7817804293276428,-0.4319518299159348,-0.13912647197093486,1.4740167682378766,A,1
2.3975657539177733,-1.7041474686733216,0.8841118991990311,0.6093365738366151,-2.234468301300957,0.859257364824298,C,0
1.8121748702108085,0.16498418112966312,-0.3412050965645762,-0.31246185117476094,-1.9917101030338593,0.6482677907295822,B,0
0.4711999599451969,-0.4994981234951737,0.6889088282175204,-0.27364217709247746,-0.6804636018020626,-3.843842683559236,C,1
-0.8510763393902325,0.23834646571764945,-0.7953727815319768,-1.3566578274461054,-3.2881935645170994,-1.132730132013536,B,0
-0.7377478665361359,-0.6061106660097069,-2.054473849376432,-1.5616438605038734,1.1908526128184858,-0.42592549162839544,B,1
-2.521833021680367,-1.7342978761366645,-0.6700498443999869,1.2647143405969,1.5807663661089668,-0.5772664628949775,A,0
0.7913878182988786,0.7170213532630433,-2.1986428474291126,0.3028875206864429,-1.0949860975085286,-2.7957051032002402,B,1
-2.6118082439956223,-0.13036310131461112,3.0566808831449417,-0.8883379856704551,1.4021350393724474,1.3780362506308155,A,1
-1.521234426355595,1.3254235156937602,-0.8648493897179521,0.8390848424274866,-0.8345183405287794,-2.1681610913618954,B,0
-0.7579945756829884,-1.9567068321780017,-0.7097763927054674,-1.3667817312780253,0.2663683863511048,-3.5810274113901137,A,1
-0.11715818631696506,1.136111080363663,-1.4756700765018458,-2.0708500079327905,0.9273297881609996,2.095931950411203,B,0
2.1244347940339114,0.46441284243529585,-2.2279229485177914,-0.8073448120158122,-0.9798413176120643,-0.11625823850734829,B,1
-1.2990920477624177,1.078837751028432,-2.244583522700487,-1.156512203405863,-2.647978135994489,0.3145717177360743,A,0
1.3204426698913165,0.27742457574560725,0.7236761266178295,-0.09087523686296702,0.2972077942885514,-1.7240666796535535,C,1
2.4009247185323495,0.056891099657871966,-0.943915210296624,-1.116551530286689,-2.3700490688160833,-1.3082486340455013,B,1
-1.4417635327556417,-0.25209634445833484,-1.9826828348091499,-0.09077809074226999,-4.796498661871679,-0.1464599401546991,C,0
1.313729736933578,-1.4836834422611274,-0.15468230204256272,-0.2888025075197235,-0.4112108529736065,1.9160888536018,A,0
-0.2555733908727801,-0.23963016763060732,0.39589547531012614,-0.22324824489837167,-0.6081763425338211,0.9644376201163667,A,1
1.8999569383200496,0.48614968510626266,-0.8017770093679681,1.4245089589030282,-0.5407902579505004,0.6132759558437864,B,1
-0.047427870056081955,-0.6056798736104871,-2.3978081630669292,-1.7650829063230842,1.1285836055896068,2.4799622133276285,A,0
-1.1871081894160844,-0.6934098181023283,-0.29200292527125615,-0.8690889745057017,-1.6648831907591828,-1.8498125927986693,A,0
0.0746334313845074,1.3332945559185003,-1.2161410914680224,-0.28844217102757336,-2.329006325400731,-0.19034850644304802,B,0
1.5879393890895912,0.6445789762112307,-3.449703330924764,0.37516714817547275,-1.1647522083766715,0.865171238096117,A,1
0.7195907261503656,2.195783166975652,-0.6494010184911403,-1.3101022615393367,-1.3954299386831617,-3.075843968688504,C,1
-2.4087059989889976,0.5228813147137356,-0.08988870695228068,0.5939487402068069,-1.966220710860262,-2.1280471947230852,A,0
0.7324874440076299,-0.2754135355172389,-2.7941888255705267,0.9775273185396315,-1.62299101075905,0.13260603193043063,A,0
-2.354343948348773,-1.1457077880154887,-1.5309335882289792,0.43254868489943665,-0.5844905442102227,-0.6127347637172658,B,0
-0.24180549954709551,-0.026789174443239066,0.40027142703976426,1.8166959255060375,2.2541574751369526,-2.6279894740562875,C,0
-1.6962039681658476,-0.5892189387075518,2.299565429550121,-0.48502414034909636,1.9827334837135693,1.386874802065894,A,1
0.7122556938962367,-0.7554994483671061,-0.7474905650029986,-0.8250280767696079,0.05082628011918189,1.897281877461721,A,0
1.7122010092938196,-0.1842257930271155,-0.6352878158018718,1.3190424333612591,-1.1215943481247264,1.5940861426614448,C,0
0.6571252429991606,-0.2394121756845325,-0.2892387423293624,-0.5466702424899409,-0.7723398759996304,0.912624234579602,C,0
0.6381582350978109,0.6261249463550335,-0.3424904857365514,0.8956170761482696,0.07265637268372127,-3.23405854631193,B,1
-0.3331114828910273,1.1869901195926178,-0.9353439128895172,-0.9048517404006009,-2.676243292201889,-1.5515417292475582,B,0
-1.1727370118835923,0.85319306617687,1.4059505145795739,0.5248355594766583,1.7205374948325107,1.15229888044052,B,1
-1.6746931482154812,0.7847012492867645,2.9095879621319156,-0.04759176011697998,-0.7938852051311764,1.6534308816618943,B,1
-1.063482940940594,0.11657186122268078,-0.7683932134958659,0.14667149865704127,-0.8406402101280523,-0.5811450366798707,B,1
0.26882705767664916,-0.40082900728294585,-1.5698858207549302,1.5845852647706946,-1.7789857666123758,-0.30624195686872746,A,0
-0.8742698208963525,0.31890504175321543,1.0484839309506622,1.6475331488935163,0.4256253415077935,1.0609334472842005,A,1
0.9582358170865166,-1.011875978526186,-2.6116732901958497,-0.1045198434437865,-2.355363402818357,1.8727697802596888,A,0
0.7855958191181885,0.24094688199931794,-2.3366550598794893,-1.5439688984752336,-0.6118283253313828,1.3846630501586286,C,0
-1.2079662045979958,-0.408218845356916,-1.2013304511242122,-0.16068656568026599,0.8730630510789409,-0.19543814264877768,B,1
0.4061061620049453,-0.5808613300603638,-0.9764015775436294,-1.0032957548949382,1.5494395677413606,0.5958531817243224,B,1
-1.446060484386475,-1.1114895688524036,1.5101782118989044,0.046946501049352746,0.5615319028590808,1.0667481904122025,B,1
1.5140476667074019,-0.7416756028903475,-0.346960904674144,-1.4595707015429282,-1.0577965605587973,1.432193167622454,C,0
-0.2022085052893443,0.18605270441025698,-1.8681409205231343,1.3025978116249124,-1.016343054216451,0.3962441270422792,A,0
-1.3034958208353569,-0.5959556761256589,-2.5692873804867142,-1.9467643728282855,0.6980075455537542,-0.11389092021314517,A,0
0.8773793880869957,0.04842645721508445,-0.9722077468288731,-0.9283864541069922,-0.5317053569672143,1.3922485659972126,A,0
0.9581237735089072,0.20671789220041667,-1.2051131743794228,0.3880591684208957,-2.1562180797661954,-0.5391877000379499,B,1
0.2831171252770762,0.07010332364730189,-2.7090128554468027,0.027954666859355763,-2.2856089814508733,-1.2348868797864356,C,0
-2.329145879799907,1.5542620194135703,-0.2784151488249269,0.6691934064015016,0.27557587722879195,-3.768675153673977,B,0
0.8087544932739312,0.38709065780436,-1.2086986728285134,-1.8733740290705023,-0.2856270433550461,0.2752588472359263,B,1
-3.1216316303643716,1.963118035161042,4.813537536950069,-1.9896673106271427,1.4031532922933774,2.0567679716506664,C,1
-0.251240450628084,0.23287004234836606,0.9842946143032032,-1.6358280495067754,2.097853062099345,1.3176589838039123,A,1
1.3955090460153827,-1.5189133212688817,0.522687532176568,0.47685206423703563,-0.9548255399372245,1.4016275974739378,B,0
-1.577826541507693,-0.4640501660560154,-0.9542872864771533,2.249410221900274,1.016316838008295,-1.0477627945919594,B,0
-0.3308946548515801,-0.21557548707166999,-1.0237572463333733,-0.6317051754128338,0.8880128367525293,1.973360383159477,B,0
-1.7827152473582824,1.646494479038841,0.462991181431437,-0.16161426070816093,1.4557030701200944,0.4239400283241854,C,1
0.12592439348615736,-0.4455602307375415,-1.5365638481086341,-0.9290894805904885,-0.9486041907667385,2.4365256943238807,A,1
0.8832424257245525,-0.11056036183878587,-0.961123778717575,1.8315286296380284,-1.4420510480307316,0.34187716792608336,C,0
-0.5645194613154034,-1.2844962785521226,0.3777933296806597,-0.9162596044202699,0.03292906462483802,0.8462039311978494,A,1
0.12422059090093551,-2.234822382039245,-1.9638010616791766,0.9078477520073281,-2.1804764305618924,0.9648774927047061,B,0
-2.9519312503163695,0.25012479770902263,1.8214114292998778,-0.2948893147030111,-1.061539021462694,0.5739242508199324,B,1
-0.9383818886114552,-1.4760876378032939,2.237937292042393,-0.21412503109424655,1.9270939221616588,1.6700910426377398,C,1
-1.4512395372143554,0.9895489810734375,-0.6533936714202764,1.3614326912788515,-1.895916795720626,-0.9928713176172973,B,0
0.8092734142406219,0.28887715913926304,-1.498791960613309,0.5088255764679253,-0.9912271802167121,-1.6661532658048865,A,1
1.5404169311393445,-1.9568397314239163,0.7421756810902367,-0.24133787247326244,-0.8365848584803606,1.5904290665016292,A,0
-1.577485171675313,-1.75626735370398,-0.9955064265176641,-1.0357247776389307,0.17004759476210962,-1.4703387006512156,B,0
0.9481228322362403,-1.023118129611695,0.5442001162313557,-0.6097686288896754,-0.04935498952927575,2.0217702110096134,C,0
-1.209531557813663,0.39087603314705294,-0.9587080668693156,0.19576200388418918,-2.5890065604525976,-2.228470526385081,A,0
0.3250714496362147,0.0033573424779494323,-1.5025764397499857,0.8830989009953382,-0.3783379690581511,1.1076765875376233,C,0
-2.4584812036769454,0.6590138361387756,-0.42957675807838314,-0.14637440894948198,-1.017845571024712,-2.171078411775703,B,0
-2.2986473224027177,-0.6928089153612637,-0.050420611088262235,0.12388875785074228,-0.458047683502124,-2.5829419618053375,A,0
-0.5008265152095508,-1.1269353627983616,-0.7230119369773678,0.1404271956117847,-2.107157962922446,-1.6463911882864266,A,0
0.48384887529537624,1.2905847860310025,-1.1271892466079518,0.13231568443064426,0.6051964524799025,2.334066374568372,B,0
-0.5719577427379319,0.2717532647600248,-0.6232683569996025,-1.4335494522703882,0.8012297283667589,0.3533872124563431,A,1
-0.43474225892341467,-1.9999308657720152,-0.6293500438867181,1.3540091378865513,-0.9647536361690058,-1.9495478343894204,A,1
0.6005022910889448,-0.8762673491811238,-2.354886156002701,0.8478010241293191,-1.9365129956639082,-0.1126073385296067,B,0
-2.1029352283015825,-2.705403632495093,1.7145197686839322,0.4792627338280566,0.012065125131214938,0.88180394986736,C,1
-1.9884875190003022,0.7260827322569589,1.252147989999206,2.5900921777542685,0.23565109671757678,0.7031538519877087,A,1
-2.278151380025222,,0.3870662878601838,0.4336137950886404,-0.6504906371531258,-2.8261729341936417,A,0
1.7830570631768596,0.08809861285031334,-0.06764448320784455,-0.5936253371812601,-0.5332022550966491,-2.6985800785959566,A,1
-1.164928999733793,-0.2053417437214745,-1.3433066507336995,-0.11500317304006709,-0.8909157651829877,-0.6452027457323226,B,0
-1.8657228172572484,-1.4281909408075741,-0.01482616646981938,-1.8634027459455658,-1.9970028431996631,-1.7878863349180005,C,0
-1.352725094912382,0.9973850471439228,-0.5682908223538932,1.0533731391005707,-0.1660676328610926,0.04463136109585031,C,1
0.18570459341275425,-0.6068530058312642,-1.5512508025265135,-0.5312245850786371,1.2953068397290446,2.8470242579762095,C,0
-0.10308466923674486,1.3582757351961898,1.238020447857476,-1.5829207399211593,1.310380539408856,1.4945784575752488,C,1
1.9916366074118752,-0.44107251781214923,0.8531445305297161,-0.36492877350214287,-1.5065936640669113,1.2247764233079521,,0
0.7960922056316816,0.8910649694624702,0.42593799029998736,-1.037752927939171,-0.5682262867010524,1.2100890386311935,A,0
-1.0373706904118332,,-0.43443765289240666,-0.04918250617383162,-1.1335572888894603,-0.0805055091785204,B,1
-3.1024500990909263,-0.2748811707417664,-2.235058319411708,-1.2100734623592742,-1.3286320897089074,0.18470992290218513,C,0
-1.1197556420396217,1.6605325374078606,2.2264232124551286,1.2557153169408168,1.5196501413185732,1.5754491484546609,C,1
1.1562460149285871,1.0300075795404255,-3.1774585926674095,1.7333247052733598,-2.3545320765550204,-0.31825468658444556,A,0
-2.7473823318754795,-1.7812239144018422,-0.9831808811327872,0.43059463910265183,-1.727182567632969,-0.9352300421156401,A,0
-0.20319512343048174,-0.4673412263470649,0.7131639225244617,-0.7753898601982845,-0.03209460339368109,1.1625555518911346,A,1
0.9967524845455906,-0.33107997130092787,-0.153101606312122,1.1636540230366037,2.4164293886237505,-1.7983365856919864,A,0
0.7970460009741848,-0.3666577722804994,-2.3701986924239895,-0.10580599242117152,-0.5161760458650784,-1.2119619882299562,B,1
0.5562202023389075,-0.009586266672396059,-1.1400966519380198,-2.1206124556587636,-0.29077258423244523,1.5225604296874515,B,0
-2.403139044791006,0.03963606508148315,-0.265494686416878,0.36080096846521004,-1.901387508897309,-1.2680279292976153,B,0
-4.193133410370036,-0.24052952293520308,-2.0465312377672964,0.25261042742199996,1.1970165826356411,-1.4877293109612246,A,0
-2.33856391915379,0.519078559761389,2.9303080812911357,-0.48408869186598963,-0.7628429211930152,1.3886419350800687,C,1
-1.1721126971450064,0.05721545011006496,1.658108456253906,-1.541742578298416,1.525161660996399,1.2736877884606663,B,1
-0.5410545989391505,-0.1454879946772927,0.3900899162622121,-0.07801094147458493,1.5417733237941293,0.8947758240307033,C,1
1.511757937849413,0.6508226524187892,-0.43634135363397253,1.337133095199581,-2.062233151932176,0.21145233609917902,C,0
-0.07461337094106746,-1.0699978905093548,-2.470253203221376,-0.44912323115328634,-0.13771838044736284,1.0202560279123842,A,0
-0.04658993876008044,-0.4853594282924787,-2.028782395290736,0.38734393575306736,-0.27041094068727256,-0.6424985685825628,A,0
-1.3698720718365065,1.5852993932013377,-0.6011965512888756,-0.21961736708068552,-0.659761174205237,-2.040445366569122,C,1
0.7801796056160839,1.2414268502848713,0.5532605140406759,0.024767239815069717,-0.253673832050895,-0.9705331303233822,B,1
-4.036393942106285,-0.49995777096590444,-1.5503671138060722,0.5214479266292112,-1.2477445676341734,-0.5199867874290403,A,0
-0.4723543365862929,0.4491665552347324,-1.0706051754197914,-0.815500763309681,-1.4082761224261136,-1.3832426534412723,B,0
-0.5345308732412691,-0.0772922090808463,-0.8648791264558284,-1.769474778756983,3.088895590367277,0.29445453990403725,B,1
1.1262461315722032,1.1775209938245434,-0.6901528698498249,-0.6769831262901823,-0.9492831181242106,0.6172645978809217,C,1
1.505224201387094,0.5974526762167874,-1.2836517578913655,1.844119551681124,-1.5386284139806623,0.9094214592933475,A,0
-0.9192642468179961,-0.08402685697568738,-0.9110792747659637,-0.17155163904828444,3.550699583340492,0.12167216279371285,C,1
-0.8315457524228211,-0.08936666373680335,-2.2159697320775544,-0.6258505327111041,-4.0434448410465045,1.0715759194858605,C,0
-0.4676377146002021,0.08876668585445492,1.3129283268758254,0.33132925206080754,-0.815174509441321,1.3381182143419517,A,1
-0.30323789770140885,-1.1251412064715562,2.7053242950391967,0.07590510564248618,2.2473140299546444,2.1749813448886375,A,1
-0.4090062683637279,1.7659842140078361,0.9700092345673077,0.43465279740050056,0.9675499930090851,1.2258082495369096,B,1
1.2272029118482373,0.5369761206998801,-1.5346031956981483,0.3045291187893566,-1.4003012374081218,0.7816225244143016,A,0
-0.5736565544673384,-1.6506795187573595,0.520371223678997,0.1753698768473225,1.5191984105208756,0.9390276873643909,A,1
1.1608120901946937,0.06324051446376372,0.7300930969228001,0.31846283814962767,-1.2248933515893659,0.8672234664975371,B,0
-0.8617899364690034,0.8777013670747772,-1.0295395099074096,-0.8335001568554993,-1.8122645249505256,-0.0956173482962075,C,1
-1.204013166231757,-1.9407506426156202,1.8775851385833897,-0.9082171955176619,-0.5507598434750385,1.319648759276943,C,1
0.5472891570518199,0.5932535642778095,-2.875672736881996,0.06135714137732425,-1.8916307347813999,0.08734970093990935,A,1
0.14801858877289087,-0.06886124420626408,-0.8979603652924582,-0.14970982202400446,-1.838849949078289,-1.4628623165147758,C,1
-2.6153737620571986,-1.0147380459462376,1.0297935025906813,-0.9256880186976306,-0.7235741080268593,-3.3055959228421226,A,0
0.041509450602181586,-2.0321407768714264,-1.4480841758197527,1.4158752668283017,0.2369938828403917,1.4309604798298414,C,0
1.4423758459272529,1.2175110583523068,-1.4530423517661257,-0.5971430533412874,-1.7648358503222128,0.5617757690281204,C,0
1.8467236828306022,0.9691286058239527,-1.4189594467828996,1.0577825689748717,-1.9367835979125185,0.7854859386645434,C,0
0.415834112715045,-0.6406026480568845,-0.7683157915560356,-1.6118464334352516,-0.2136144569341154,1.3213598171851242,A,0
1.5337858772737447,0.3921311743141444,-0.16301966584309346,-1.5624675616250006,-2.0991876837397183,0.16116952514873129,C,0
1.9084165420417958,0.4531668963005011,-0.8011762711539213,0.42901649186305485,-1.8245290797682294,0.8872796030860421,A,0
2.3722228595735775,0.857072112742525,0.43774434206465784,-0.4394251257863135,-3.002565147835044,-0.04858839662119552,B,0
1.6213518524309718,-0.39599066489699014,-0.006536903293281493,-1.0555691379095582,-2.7308897288946694,-0.4029010211044133,B,0
-0.5037278006877772,-1.795306539280217,0.04238536934260506,-2.016937921638948,-0.1158503553939938,-2.0819105116058654,A,0
0.9513362625668272,1.068003106929842,0.9952137542392538,-1.3955388996975482,-0.9618029251404785,-1.2594073368775558,A,1
-2.0014135258635313,1.7001927648829573,-0.2035059719587604,0.8248283418764829,-3.283454887362343,-2.7238010596709064,C,0
1.2661539159217823,-0.8253545676795115,-1.5373834598212301,-0.6626061192521047,-1.3652309792827102,-1.6579589119216767,B,1
1.4909047474825077,0.9380913689397085,1.4073442791526842,0.6487030777040514,-0.1929098127849611,2.400825396998714,B,0
-2.0267832411471534,-2.3908179256337765,-1.181375492534265,0.12788416716286244,-0.969467701021525,-1.6677697926079573,B,0
1.11151787310815,0.5383332726699978,-2.1223800257267866,0.8509707432818393,-0.5242101236009626,-0.5075047716377993,B,1
1.6914298754872656,2.2957246011475325,1.0775883391566037,1.2851162742330777,-0.10703981592504752,2.5627788300937286,C,0
2.7871696692304617,1.4182641327375376,-2.2416518065934077,-0.21644359929447293,-2.587520257244801,-0.5278843232027265,A,1
-0.1512162594683788,-0.46384265965577615,1.0770612173344187,0.10933684275588028,0.6001768746346952,1.3757711617983512,,1
-0.9238876128816249,-1.526909796287195,-0.8503468267175825,-0.3896643952991174,-0.5728151024767982,-2.5193679135167377,C,0
-2.598232125358874,1.3761989424549457,1.7128296763724435,-0.716954039219957,0.9989518955004778,0.7038035704102577,B,1
-0.35666146708082036,-0.4346937047808572,-0.7598284086039698,1.2729152351051625,2.1937249496803193,-1.0332789805080724,A,0
-0.7162504390558107,-0.3824554186705598,-0.9455355706005594,0.047831764361871386,1.2106122569574085,1.8568952087824526,A,0
1.0647256444133124,-1.0820186983029922,-2.933645488324773,-1.0468115126510886,-2.517121009735172,-0.556694559956237,C,0
-0.8806122698672698,2.3148215917761084,-0.47336030217991754,0.20727256583469764,1.1276046465466645,0.3116060004526543,C,1
1.0650256504350575,-0.22445596031698767,1.1901121302333877,1.0170579779563378,0.37873314329246144,2.555018184999772,A,0
-1.551659904452102,1.0040424027919623,0.26478332066015664,1.2122709780979333,0.45709632369818176,-3.2845059176885507,A,0
-1.4369422658569821,-1.244279023264704,1.7644583113856052,-0.38909335296025366,1.1815174761290923,1.208934293470016,A,1
-0.48348362929642896,-0.11010009122807576,-0.504131617393379,0.6650580811900463,-2.177506589947119,-1.2355002094025473,A,0
-1.263109175176883,0.8850943198783612,2.7758381662247738,2.0501993920500143,2.838689266446613,1.825911747946575,C,1
0.8019332994732642,-0.02911188112936,0.9813246678649541,-0.334364735164754,0.06573311658200165,-1.0485387316667856,C,1
-3.0930980390161973,0.6014641980201434,2.4467031808700734,0.044620925800648865,3.337808868183426,0.9093105635308136,A,1
1.4292605046009426,-0.6329894652150883,-1.875757535103102,-0.10039398846688131,-1.27189273514509,0.0008312060488164796,C,1
-1.1298512406005043,-0.983158683223724,-0.4470033091486786,-1.0468090727815673,0.8227070206443223,-2.4830805810863685,A,0
-1.4871353064680792,-0.3508704230992574,-1.3335844098396223,0.23948173576187784,-2.043125189815748,-1.4150968574060656,B,0
0.09162206510400916,0.8290653201657732,-1.522060000798743,0.28294657074240837,-1.0004903531309297,-3.1905715852821013,B,0
-2.192978038888592,2.240899648478352,-0.688290520723324,-1.9053448236588533,-2.540733132633882,-2.2284518405896114,C,0
0.9310049589968811,1.0277995822041093,-0.4421104196279002,-0.7989496958369011,-0.792320420800727,1.1912420284574725,C,0
1.049725990078564,-0.41727869717562843,0.07082052917208292,1.915668058465522,-1.3743951140917547,0.5783460458596622,A,0
1.8182654548661752,0.7425269571859775,0.6192120684022557,-0.7255568830094687,-0.9790611842975714,1.8154750567101297,A,0
2.856898414284179,0.6445551141916945,-0.9542560375724433,-0.48709315694954136,-3.5075997174841005,0.028495555409799533,A,0
0.9971376847240813,-0.17319622164706963,-0.5280940781592582,-1.6999853020392395,-0.8522726837534822,1.2317450053868901,A,1
-1.2048656601085632,-0.5814719582977769,2.947918877718714,1.0461561652233773,-2.0640116248460565,1.8276838482963682,C,1
-1.5572954692399295,1.1036398835124643,-1.7295168227956779,0.1765728137844424,0.06292046790725014,-0.002551443701908296,C,0
0.6013649800824219,-0.47289972863260904,-2.771582564027853,0.3689730121023453,-1.2646484473534227,0.30029139614586653,A,0
-0.46462791236832657,1.2041703691638679,-0.566024560770741,-0.396324414148629,-0.35736149394729744,-2.3608346976271157,C,0
0.9580079134478067,-0.3044259788048437,0.6558747001931027,0.4388384367564401,0.7212175885924215,2.7719642418927455,B,0
0.32528531680082573,-0.1742205023205411,-0.575520781163479,-1.5548647481347593,-1.7743147683077538,-2.803381149607153,B,1
0.8743401031452369,0.7047661887422927,-0.9745301431368917,-0.8754458558540966,-0.9612532991273787,-2.527852406355633,B,1
-0.6552685905370861,-1.7825872665529896,-0.3852761500606692,-1.8575220344892458,-1.6485625689542012,0.39620043186068155,A,1
-2.148473388112482,0.48937442055702185,0.7691992679847951,0.9694037164570608,2.132980927187453,0.43615141750257813,C,1
0.910196071779407,0.5839757955138734,-1.9541418444608945,0.0546822758182593,-1.5577657426410971,0.234827077342179,A,0
-2.4128909853923224,-0.9245915339447592,2.0180666020330555,-0.21804997372007623,3.391971775967843,0.9771838417904023,A,1
0.35334500768883803,2.5294333022041657,0.7096129232296877,0.582898611744406,-0.08981590212585355,1.3830649343521917,A,1
-0.13152767231376195,0.10766875570499862,-1.7753745788715274,-2.271704517999402,-0.5788628009145678,0.4229459791376442,A,0
1.166449736130891,-0.2809884286825992,-1.2526419329706986,-0.6382130073046318,-1.6221398488751788,0.43223048516398177,A,0
-2.425540737155516,-1.0914723383006146,2.4315384065532184,-0.32626746726788,-0.28268374844949906,1.1072883130989981,A,1
-2.6094718170896094,1.7518599743020202,-0.9278531815300157,1.2053575712608768,-2.551180234824332,-1.6265000660507005,C,0
-1.8145944127406741,-0.015087326074606033,-0.4836537806082717,-2.058870679383213,-1.304354359757801,-1.669340642214254,C,0
0.4588542983606152,-0.058217251287351085,-0.1476245649891056,1.1592685384777035,-1.1910144208370457,-2.734251889410658,A,0
0.5257217803527581,-0.2110482651582559,-0.334492263199931,-0.2547084184715979,-0.8052173660910968,-1.6426282446797935,A,1
-0.2399231322039833,-0.45343064565845664,-0.7451242556374877,1.021919882486017,-1.4615464205311102,-0.9320310908176691,B,0
-1.513057561136639,-1.0841285676437977,1.2481335788125272,2.1009285972517695,1.6875390858451962,0.9349209691913342,C,1
2.2302142407119177,-0.34434735367047065,-0.5675511663475231,-0.9930834528371539,-2.547597458870149,0.3691663225283083,C,0
-1.492578545184052,-0.8659087687775784,-1.3117364455944296,-0.012566584300405926,3.149539745401805,-0.32195545184144714,C,1
-1.4119894242851994,0.6308637588375215,1.1583212830785354,-1.3811700589604379,1.3752957058515514,0.9117131035245293,B,1
0.14095751042117377,0.9425271274576419,-0.011145796167795208,-1.0710687377408514,0.9398309816732316,0.954799519879171,B,1
-2.1357573939363186,1.000340272233822,-0.6097072604593518,0.7084438707354856,-1.2945930949654552,-1.570002588578067,A,0
3.205611379425357,0.2315663694308973,-2.008024199265276,0.24868459937632598,-1.0933662819722338,0.02140647632428938,C,1
1.2686709649388002,0.8421667197294037,-0.36024729747126094,-0.45422417181626934,-1.4294087755244345,0.7435701420510323,C,0
2.0423519700245687,-1.1150966731913972,-0.47961721829352777,-1.5253067015949018,-1.897212879240655,1.014307742295027,A,0
-1.6395051379489354,-0.4582725072937905,0.4391689517087811,-1.6144842886299493,1.4547112218252047,0.4620367361041795,C,1
3.341753251279616,0.8125927038575976,2.2451069625034954,-1.106324979567164,-2.261948050096617,1.7811228810952358,A,0
0.7288904721644598,1.7057934334457312,-1.5467727594679772,-1.3101900804000925,-0.9344784954025633,-1.5798696902851066,C,1
0.9786103830475075,1.0932453536900633,-0.10253037244960139,-0.1460064569008298,-1.6413352345477956,1.2080064509128619,C,1
-1.0394552208795056,1.893954323518528,2.0238104826802727,0.32544518827646685,0.2670240408661698,1.4803229049264088,A,1
-0.1807277747699787,0.005001751435203875,-2.458223955826533,0.03474913982780608,-0.43857864169095306,0.5406378681270803,B,0
-0.6347876931974097,1.6884398735073887,0.6138112120998878,-0.8943701205426855,3.262836747504987,1.005584686441301,A,1
2.3152708806646594,-0.5947210736466206,0.4354734398671438,1.8445546961987278,0.4906298827739721,2.1112242243077732,B,1
1.27383357589441,1.3179377135129728,-1.874444191251152,-0.5855620317267018,-0.34321393981668336,-0.9402286257181212,C,1
-2.864257922047256,-0.06595443352189452,-2.104332258588998,1.2246837615892552,-1.1851252660297007,-0.04586623699043191,,0
-1.9629411941422945,1.7765385144334278,0.9354750540733748,-0.3768666494597489,1.7952797327201688,0.572561494058304,B,1
2.4034908903082215,0.09881922117958424,-0.8124673201627641,0.615793348211364,-1.5443236644021994,-0.46498340194524834,C,1
0.753408999195949,-1.03369205503903,-2.5138832271585887,-0.07782776996072593,-1.4481782927574163,0.2716406036077501,A,1
-0.2282264298236435,-0.9137347326017876,-1.101881406386227,0.8705319342153558,-1.0979039452515342,-0.9317513786440742,A,0
-0.23501652836871045,-0.627560519337802,0.8662200586505949,-1.5297344781621638,0.4923755012826032,1.2443794055312467,B,1
-0.7287919285418862,1.0682032557959011,-0.510409936564041,-1.2447179166913809,-0.904046438733394,-1.3269387408545834,B,0
1.789196939225378,-1.7629776570260387,0.7682758321447922,0.8165329918634078,-0.8710841891364599,-3.6287634060335274,B,1
-1.6795251930998738,0.04747450437632831,-1.303426727776984,-1.779742974161243,-1.4262747123266055,0.13951802574179517,A,0
-0.6562459544135596,0.15763596527298554,0.516651178029154,0.3201600117299804,4.531367132086299,0.9613398990086108,C,1
-1.3094502097978804,0.5389649973539905,-0.0617580098275573,-0.9181118144248325,1.3340605650397288,-3.4053669918666625,B,0
-3.453703685489228,0.9277088835613055,-1.8017177176411923,0.3980565781955727,-0.8871493342622354,-0.6150397477344696,A,0
1.4080689790261565,1.2344196269312036,-0.013208038014235646,-2.7180451898802964,-1.7187552850649737,0.569397801481765,C,0
1.1685511154292758,-1.1599406324244144,-0.653427385801544,0.6022652621079181,0.013253857170807182,2.3181051727842057,C,0
1.0015475044382223,-2.649436481308112,-1.2622911006355149,0.33922047932507804,-0.566906711810792,1.427318517902957,,0
1.5116727653841182,-0.47298298388694865,-0.6295701129885855,1.0796717133883702,-1.913054743982232,0.32561369678423036,A,0
-2.3167469882907965,-0.1440159616840812,-1.110012148599097,-0.0055802977667971584,0.08824842675963951,-1.3621979390599444,B,0
-1.1549621563873842,-0.09710294061466763,0.04013366422935216,1.8751700871262873,-1.3288886204557058,-1.6971769287255807,B,0
0.9442678079950726,-1.5719814207996121,-0.862173419475959,-0.43295484606475904,-0.5517877433177754,-0.3892456540250442,A,1
1.3247384615206417,1.3357816645501555,-0.3226677759690697,2.1421234698682228,-0.592422971066768,-0.40000535507023216,B,1
0.3915374770530373,-0.8463688883505396,-2.1624802833923837,-1.0764001673256838,-3.655452114506425,-0.02543104698851162,C,0
-2.2543555258881343,-0.5580816043138674,1.5999679590418352,-0.1732072238210627,2.835885245898587,0.8227361558149323,A,1
0.15511324744115496,-0.45858596778785604,-1.3899562993873782,-0.04368682661009883,2.6982090099401574,0.3134588148518821,C,1
1.108547465248269,1.8804128554097916,-1.5733837751528807,0.16475121650234806,-1.740441359664274,0.23787709342009178,A,1
-1.2791968745427011,-1.1031163910529156,-0.2631481688795011,-0.4388744824184767,-0.46483166715728796,-2.5525393372026146,,1
-0.31946806054875254,1.0257274289584355,-1.794628690976117,0.07929495317013621,1.0216862181950157,2.09275315072051,B,0
0.043173859352735544,-0.007664813057467876,0.5793329638983196,-0.26355498954222345,-2.8503302690852945,1.1380380301510027,A,1
1.1146386321623818,-1.3840276359139283,-1.4521285001806323,0.016006873467947786,-1.173696288843195,1.098233942162329,C,0
-1.7368527422007434,-1.8620894357686317,2.105577123144084,0.9827269599114216,0.005939134315822381,-4.185372354982481,A,0
1.32348438868098,-0.38411700589212594,-1.1361467034712773,-0.8139801546851304,-1.304368624176523,0.9784757942954245,B,0
0.7711583493266657,0.0387607200614822,-0.4508459551471553,-0.6860513005265495,0.49560696981832253,2.4511866932363224,A,0
-0.31882657240897405,0.20299990290579878,-1.46210190394997,-0.7264511903753581,-2.4294798459013607,-2.0531425896444184,C,1
-1.5625381304015908,-0.39136973307165024,-3.4352797477810855,-0.0318542318048977,1.4268111654844842,0.8952368701091202,C,0
-0.1484085958321668,-0.24935647810979455,-1.1845011666476002,1.64636558064761,1.926273257894164,-0.19137012127155717,C,0
0.0735262393026832,-0.776679670063621,-1.9090750676935018,-0.660557337272237,0.6827538932793538,2.0664678058707855,B,0
-0.5191069787253795,1.26586043763205,-0.6762005636734982,-0.17105750835929298,-3.147335834919256,-1.3786506267595722,B,0
1.341756520996319,-0.15396438063644957,-0.7754715120595367,1.2574876575894556,-2.733440916317899,-0.7772593842229543,B,0
1.0716719046503447,1.0410519775558038,-1.6446000072064804,2.877637519611291,-0.7386357436360635,1.4709902177843164,C,0
-1.12200007842718,0.14668517654894656,1.7146494653800004,-1.536990937294528,1.6993727746969838,1.3266351110772965,C,1
0.3238952648099216,-1.5804618813635296,-0.11997056037096776,-1.1898360581598943,2.074357532783559,0.9994585042415651,A,1
0.9727795576271007,-0.2809489161478447,-2.9848485076643376,-0.39691329915438867,-1.2599579213480185,0.7222436183869413,B,0
0.07521078564966721,-0.8040885172535176,-2.4613810101845206,0.8889319062352621,-0.9707371350794131,-0.4387512993829481,A,1
-2.711120135460789,-1.2596333401808673,-0.5429469717520085,-2.540263454252146,-4.159281847389936,-1.358269011256479,A,0
1.895784429022101,1.9981027666588322,-0.978722038451671,0.29573604228988787,-0.3363887827405456,-0.8649177547952751,C,1
-1.3771604184347463,0.6919460278442265,1.601336234926396,0.14872259075403832,2.316083448836922,1.1742816412684625,A,1
1.1544646567433938,0.3562493206975751,-2.6228210337667353,-0.37327075733085247,-1.0800280097521604,1.1214915966788024,C,0
0.980827620314481,0.36533773402693376,-3.627922041998855,1.546795586739374,-3.788408644262065,1.959946878612595,B,0
0.4055389308714441,0.6969517198219655,-1.297744366142103,0.6463536851601984,0.6920719636346722,0.41278479691805914,A,1
1.2882686608613998,0.13070315059090312,0.29472585117426564,-0.09226735176747433,-0.34944222698581273,1.9555922336427738,B,0
1.0646623596843634,0.11839933348964439,-2.5388430902595784,0.7274177084235184,-2.6204787122398887,-0.77101054698744,B,0
-0.2897392797607783,-0.4921187296915166,-0.4723092692111407,0.12026043430231029,1.1286189133116857,-1.3261724338755039,C,0
0.10888599251737197,1.0643859415339785,-0.6353011755662371,0.27160036762249484,0.22014199087117836,-0.8809726361073547,B,0
1.195722985629628,-0.21183137655609438,-1.1468875370423515,-0.7398400162714914,-0.32671966995656576,-0.9821742619643686,C,1
-1.3360128570754335,0.38419271001007277,-3.130090107520919,0.8074976130458543,-1.7302797608257532,0.08727251127149072,,0
-0.2027623155312427,-1.6005129792650528,-1.898549959817048,-0.8248522800126178,-2.310724078707649,0.16029758947578587,C,0
-0.5835019020792704,0.019066819780465896,-2.979306526072957,1.3243294344614964,-2.872130223367847,-2.446131400517131,B,1
-0.06011874950337637,-0.4123668698910127,-1.8209019009370797,-1.4550196866518157,-1.175203494466631,-2.751467149932838,A,1
-0.20454827742171489,0.3393167887920551,-2.5271382116919314,0.603742209237833,0.9045661912934535,2.055658126276993,B,0
0.04476622332482316,1.1013681922613807,-1.3938976555327893,-1.4209667543702793,0.6871209855277085,-0.844339022373263,A,0
-1.4955633872725567,-0.7631374916631407,1.792830883464323,0.11568881591324147,3.157793353159052,1.241343902841092,B,1
-0.8052392118819418,-1.3314113106454322,-1.8515980779739558,0.4277540850383443,-1.1884051935214874,0.059116013268496914,C,0
-0.21488677808787537,-1.3663429598392418,-0.054727938591556446,0.10178632820264967,1.913023456619453,0.8023623699903097,B,1
2.6496785167612824,0.7444034483805132,-1.241753379347173,-0.6225463485117205,-0.7315240723966301,0.9306247617096317,A,1
1.3292893213069108,-0.28785364458089574,-0.09764552214593392,0.9983671188709681,-1.1428515189007928,1.1197399888182196,B,0
0.22407789935442857,0.8757121635950486,-1.747768666791731,0.9025750296040671,-1.2095921572783932,0.470971477617546,,0
0.8588355771992147,-0.6731375004105575,-1.9162234677943297,3.131509881952745,-0.9786549103867677,0.955413781890742,C,0
-2.5184656596339825,-0.8489028753240747,-1.8594840565632662,-0.9247196634929487,-4.1356069216770015,-0.08221938464925993,A,0
0.9920044337189671,-0.28368418524035327,-0.85376150241367,-1.7603434684413914,-1.5890398004037438,-1.7043938708037594,B,1
-1.5451258430982515,0.1949678858405548,-0.15665671335243403,-0.40496366131259137,-0.10878489540109781,-2.629516270039179,B,0
-1.2693408328138829,-0.9666911156806918,1.8875332699912422,0.5253093141899636,1.073851624183297,1.341559377534959,A,1
0.8623792177278969,0.4972375030393549,-1.0060192221473334,-1.0765816541572133,-1.2535531014310455,0.5973515972506538,A,0
-2.038857389812361,-0.5812815021264056,4.13586714333251,1.6425186064864346,0.20170792050645714,2.1347688768792237,A,1
-1.2473285541664487,-1.1712303369719577,2.110599150750363,1.7301158733711852,0.7293414842753994,1.4532011441616974,C,1
-0.3547448355192908,1.9538015680389116,-1.2379350350400142,0.6906802840920718,-1.250745518338035,-2.670982186768048,C,1
-1.587973766919734,-1.0539396231893305,0.47007176317892574,0.7267729782861865,0.7055202619522596,0.48803343703514024,C,1
-1.1320844217467791,-1.7863868118220216,1.8748938350556719,-0.018684130874671818,1.8515785325988838,1.3962363160108615,C,1
1.2903271593623038,-1.1583430335621292,-0.5069912835448647,-1.7249149839191495,-1.7869404394458415,0.3489992624020334,C,0
-0.07597988691726254,-1.1980216463349533,-0.18151731391944126,-0.16325315909938348,-1.3306451506879011,-0.8383796516235269,A,1
2.072813944071072,-0.8086451568625382,-0.2761744013771509,1.2240257981428366,-0.26428948602950897,-0.8503653140445349,C,1
1.2657312803733738,-0.26680302039841247,-1.007485102819931,0.32304573164698724,0.020493547395153966,-1.6186129996335668,A,1
0.6417249807853855,-0.6158806479229809,-0.5257685204049278,-0.24813632878758748,-0.33994135053100394,-0.8340357535788163,B,1
-0.002797237460269386,1.0101373367736846,-1.0741420047416916,-1.5045538335845994,-0.155865737360656,-2.13149808048661,B,0
0.2982419727746102,0.020272567986716502,-0.700937972466124,-0.05447831784365783,-0.9558550313491465,-0.7039933822431366,B,1
1.0392919095662783,-1.1251012605083874,1.4526221900807057,-1.252626036316954,0.13798687305275203,-1.3168800214519527,A,1
1.9033372926048058,-0.8145329255128492,-3.2614905598967296,-0.3511742640986928,-1.9944781576405946,1.3159757086116217,A,1
-1.7284219943881525,1.2473364664026334,2.9369260059952023,-0.4449930995342121,-0.018699842197976935,1.6525018277784487,C,1
1.663885135034736,-0.29007660634255444,-3.0777477191529443,-0.7074652190434766,-2.994896025254997,-1.683533519849007,A,1
0.19654461253285382,0.5647591933244297,-1.333284124184981,0.14406858134441522,-0.7307880410438342,-1.09256276791611,A,0
0.5938356985738846,-0.7590697760905438,1.8964560755214737,-1.9155227160731017,2.4352801427845616,4.435117033600418,C,0
-0.9607791852531485,0.9732141061340863,1.1555043520835562,0.16209655527725816,0.7714491573420296,1.0937704481171928,A,0
1.1036850204847326,0.7616009829401937,-2.280280478568435,-0.44800949489723085,-2.230750146782335,-0.24599081524558875,C,0
-1.8239719408624768,0.5206227651685589,-1.8414767254263231,-0.2553949767061665,-4.245457182345809,1.342342956321493,C,0
-0.4828145342885958,2.6325807733301536,-1.582974813676629,0.05999920885650611,0.5921213417984399,-0.5292207976218148,B,0
0.846039129611858,0.2558544799261483,0.9962758869650088,-1.1507121120601136,0.47763163279199694,0.3715742925389718,,1
1.5504109811181137,-0.7102217404051165,-1.1851950120464145,-1.210779773998004,-1.540786435843396,1.227746717380077,A,1
3.4673935963967497,0.44041976558276363,1.390224253418468,0.06336105010854977,-2.805523550411451,1.3191969612499943,A,0
-0.7018673676533156,-1.1068993218836423,-1.0882067019655377,-0.016187609248809052,-1.3755811073069202,-1.9270150649998656,B,0
1.3080624183496763,1.1652134135136754,-0.6775850108302035,-0.38119809048992875,0.36642527214443965,-3.486408598361366,A,1
0.43735950790558475,1.0821859711643305,-1.1192000290013282,-0.440519281623428,-1.4671775501136115,-0.22575732886097166,B,0
1.1974934185138209,-0.5540807963402258,-1.5822250456127658,-1.8525571347594607,-1.0276312019015135,1.1284064981421371,A,0
-0.3767895850729781,-0.2770749761862646,-1.1992687396127288,-0.07116055394194926,0.940081558090275,2.013879287325868,B,0
-0.9784912809499429,-1.9929939621578243,0.059366242104781364,-0.8042008746244035,1.4015657751278432,0.5441089380581611,A,1
-2.939044219048839,-0.8609821053418621,0.6218665615590266,-0.8555733747576373,0.3812841836024905,-3.4711649677736953,C,0
2.466304234172283,1.423641070036729,-0.760108262228868,-1.1590478764405308,-4.243772166231592,-1.3537790909705816,A,0
0.2944479862762689,0.5382442189002953,-0.8733735540159655,1.7034009450487873,-2.1169674926821527,-3.041641984239714,A,1
0.5628694776866952,0.22992827842078542,-1.3440751580875712,1.0542281755632015,-0.9257201841243395,0.6578349761286304,A,0
0.5214412944599851,-1.32743030723465,-0.6850612916641705,-1.1589794507324587,-0.7481972428675386,-2.486198093284474,C,1
0.3806375539115794,0.2673382800864504,-4.2876171278281525,0.08080613870723939,-1.1320802287304559,0.40123365604955696,A,0
-1.0729277680786973,1.7927900023432533,1.9367370529850447,-1.5392573718123395,0.9298918483537755,1.4406027870666367,B,1
1.3083424279524758,-0.10816363518936396,-0.658921176414146,-0.27757230855956866,-1.7756021281674093,0.4672390970024157,B,0
-0.7927006999910027,1.9583910176728396,-2.9742122384976617,-0.676707212272353,1.8580973571825345,2.6499106063510567,B,0
-0.5429004069125458,0.5262133215759853,1.5648199588313543,0.6580433607304044,2.440692562583064,1.4961218026428675,C,1
0.05939002225498258,-0.2682750252064825,0.2695449275846933,-0.2426261055141157,2.3318651366029526,1.1022094811339078,C,1
-1.9731413144148497,-1.2479059263278847,-2.4768925235590755,-1.1742237774582098,0.1896097885031458,-1.6953051031661903,B,0
-0.04295164258135831,1.254490194153569,-0.269764810172368,0.16311271136541053,0.35579651650999167,1.5052527202911523,C,0
1.2658342783203658,-0.8180073857223892,-2.192655947004062,1.5284233013031483,-2.2467083822688254,-0.2823511586973946,A,0
-0.5754787066988603,-1.762196276174263,-2.060360106758182,-1.7661193225970087,-0.1481643752132048,0.4885094239955672,C,0
-0.8283463086239151,1.827218725720317,0.41202500410522613,1.9187575237166437,0.6658973164053905,0.7678872669606736,B,1
-1.0820549726294977,0.5897213000133583,-1.6464936428587393,-1.0449715658517955,-1.3068828329964621,-0.7683821041177149,C,0
-1.0399808093170355,-0.9170168014756214,0.19955514195117563,-0.9592767582112355,-0.3842290063819328,-1.4118970497418384,C,1
1.4788367757885053,-0.8056899930021114,-1.3378584110920972,-0.15944170401800267,0.8625896730592495,0.971669758721152,C,0
3.1738617810198497,0.6537589280007235,-2.7759226696424077,0.1482640540480922,-1.369852017465797,-2.5588089488348285,C,1
1.3090018659044251,1.77901121933423,-1.205193030759502,0.16287405353978582,-0.28911796727267314,-1.722035835958748,B,1
-0.5845957758543456,-1.138027067688442,1.3655057756653328,0.23899874848208588,-1.757962473879458,1.2962162338602836,A,1
-0.7824195751183001,2.0849830935486517,1.3775666687527273,0.1260701996303386,-0.2821302836663693,-0.8249090086089566,B,1
-0.2844781042707316,2.8263688769693722,-2.264445900277439,1.3601194289114027,-0.6452682063600315,0.25069051786936525,A,0
-1.4415314323879787,0.4742762861027912,3.00378049559567,0.8340480484750992,2.348345345285515,1.8549636319630818,C,1
-0.5125845375440787,1.2041200757971857,-2.331938131512052,0.6827912861211278,-1.93519216864331,-0.09809310459833831,A,0
-1.8259846219601568,0.6748880929148284,2.578777544549916,0.05662871385657371,3.4832717020073765,1.5113060874794138,A,1
-1.6098184578628416,,0.39715908788274024,0.5167550269898664,-0.015387377286476545,2.0802700268890177,A,1
-0.9464662243560811,-0.4989412314911761,-0.6279677290052992,0.22620456232407013,1.3291425640753953,0.2101935990402296,B,1
-0.5388623590566142,0.5531926877241887,2.807895498535636,0.08670915014510186,0.3205310425631791,-0.838912616900574,B,1
2.067097361662662,0.8872761899575836,-0.162060149255019,-0.8580333032943983,-2.842179231160926,-0.1747499644052024,C,0
-1.4036121138831277,1.8498913856970434,-0.5456535210207865,-0.9440990900865827,-0.2396816262191358,-1.986800251587249,B,0
-0.2730667946557177,1.3884208685804038,-1.3301571414495306,0.6501054668355096,-0.34212314650164477,-0.359450530762078,A,1
-0.9712104049590551,-1.71679737024283,0.6162529783293726,-1.7112424511350879,3.5035110737620117,0.8704362838898944,A,1
-0.5810259877691879,0.36623048762499855,-0.16900195431004894,0.7779112354126222,1.4439769017226953,0.5963574863468983,A,1
1.9120788618101576,0.3415639317508093,-1.6777309446775148,-0.23006870197219423,-2.5999848485512524,-0.023801605164093687,B,0
-0.5101928516388686,-1.027172958351903,-1.934429278123419,0.34962197253598637,-0.8045246606098653,-0.41698372236160364,C,0
-1.0853286821425827,-1.296417019073638,2.8193330492504254,-0.7704357040571043,1.7709218302250576,1.8964134017217638,B,1
-0.27628511676997314,-2.8166085705197084,0.7221501133202037,-0.7780069087398459,2.49737939842798,1.1964031251340521,C,1
-2.5056222592981268,-1.5333043156614246,-1.6930605435486776,0.03294479737508651,-2.3751010601099694,0.8695274918183562,A,0
-1.8336901534532164,-0.5849362821812703,-0.2077631842377582,0.25413699504054893,3.139695582813121,-3.552196137700268,A,0
-0.6331172285376482,-0.588577447650244,0.4267950614967324,0.9227023185246269,-1.0941224917391628,-2.6267613331930346,C,0
0.1568883399477461,1.3202668600329233,-1.0538166892298522,1.2292771098600663,0.26126161615433774,0.42663936274499803,A,1
-1.6381959229725016,0.5720850754728115,-1.684119875125188,1.7402114547350274,-3.1447866219564684,-1.9516468898477641,A,0
-1.6269227888408335,-0.3464482973573745,0.09860484085291166,0.7265060643994238,-1.577156922268344,-3.423745609677798,B,0
-0.011017064008427613,2.7066182933322627,-0.3168776752157991,1.2277053829257927,-2.0318909343163103,-1.6171941459770012,C,0
0.595597191768424,0.9181574154880737,-0.5260011527115376,1.1430723937116694,3.3473146854707956,0.9396469985229438,C,1
1.825878815498538,-0.610165670487756,-0.25748125458384874,0.5928341706330744,-1.2131434119941336,1.4395418251071053,A,0
0.6014017198394832,1.3610872756251309,-2.026857572640906,0.046791762333159036,1.0115357369468132,3.1051153987409457,C,0
0.5901560429429277,-0.6066632439298463,-3.135029674189114,1.5652687425910667,-1.4232432082678432,0.19571753006574932,C,0
0.07877991045713673,1.4198371233940745,-2.7414291310070595,2.03044866764353,-1.095951929997889,0.14913739604345455,C,0
0.333896577530878,-0.7040684930164295,-0.41503782476725914,1.9406910421184145,-0.40409344854837526,-0.7721647602006595,C,1
0.8620632932540295,-1.0462060970763074,-1.4102273662402394,-1.1872702256616696,-1.6277373911994384,0.22437047377416863,A,0
-0.621760261381074,-0.6099102986274154,-2.430846899747257,0.137067233225601,-0.9897943987981098,1.2350540559860148,C,0
0.9746276023881133,-1.1614486099860315,-1.7617633665555794,0.7305082850647647,-3.153671139136534,-0.634610199402719,A,0
1.7788746483646776,0.4491349254540194,-2.3301264982459218,0.9137682774074434,-2.17113007211334,-2.6818607534059726,C,1
0.9297619066448198,0.8461125213505053,-0.528429297297384,-0.8529828360511672,-0.946181667604368,0.6173245484443801,B,1
1.560693700908586,0.6079039597786031,-1.007413257626135,-0.6026724404491264,-0.7876331212842672,0.9186268550737107,C,1
1.3294118079387194,-1.149095002253519,1.1287246550805574,1.8937840898320486,-0.770437225384712,1.428836582219415,B,0
0.2462440558862532,1.4833933960234291,-2.813166478802586,-2.6862112675459064,-1.5207140567608972,-0.3091574764728988,B,0
2.0918652106942845,0.9307239697340635,-0.8090622773494005,-2.5595817531504954,-0.9312271073294306,-2.5555834477102937,B,1
-3.8923931226898727,-1.575321792837482,-0.7061529577700979,1.2224116651663295,-0.9730477763927238,-1.084810398727025,C,0
-1.559220708574974,0.4844868498339508,-0.5827967757262185,-0.7501119871547913,-2.12039002250624,-2.6170762862004606,C,0
-0.07669529026696054,-1.2061510399968245,-0.7608031417474356,1.8267333027335857,-1.4309155352042588,-0.8084651058962224,A,0
0.5738494787304786,1.3779300759747137,-1.357785880219553,-0.8174438812990386,-0.9879624707770261,0.6103789429297364,C,0
-0.8618048441098495,-1.7792153873295955,1.1688329635564811,0.717851910635363,1.788071134644588,1.1572577385496035,,1
-0.9629999140709307,0.34862709945554643,1.017174772825002,-0.8690756086014455,-0.4934674412012361,-3.1605390810959118,A,0
-1.3456661499958655,0.01904021742794988,-1.9646111787915876,0.6060852236767832,-3.03201509070431,-1.9476321912580588,B,1
0.1936556912264472,-0.851246611636641,-1.401834332203325,-0.7972583073598913,-0.5367035023765241,0.790696076425607,C,0
0.6526107364859408,0.8433452334046285,-1.5550431921422154,-0.8805806049032023,-2.7535607902519015,0.2950692264877621,C,0
2.921148690607876,-1.3230515251666357,-4.250837416036521,2.3202182202674795,-2.71445731125248,-0.37779620922933443,C,1
-0.5988118039878647,-0.07090742839537903,-2.281641169279853,1.2027782293255642,-1.3441595450142154,-2.704434154835849,B,1
-1.4242058884367015,-0.6792852469644861,1.8197866214533935,-0.20339067286673,3.6415429515675277,1.2979974012634885,C,1
-0.029112517706333163,-0.14200817301372698,-1.12379093268795,0.21156206027895522,-0.29777099073218705,-2.170242906395973,B,1
1.1000841088183566,-0.448515791439865,-1.3815007750670523,1.1798038971653857,-0.871935225074562,-0.0672161476360944,C,1
2.541032137077643,-0.635607649196007,-0.8796017715240514,-0.07715044037892214,-2.70202139325168,0.5750722612792957,B,0
1.4774082207743384,,-0.5487268572305714,-0.501438536269412,-1.2798700082098073,1.051468118831143,A,0
0.8781153976532174,0.1846461585032021,-0.6206510436556029,-1.3413181900608007,0.8159069789797826,3.042158699752967,A,0
0.7054550929589483,0.1502393325596491,0.40504006482867627,0.06147568072236704,-0.5799650204324358,1.0845708752307728,A,0
1.959550988074357,-1.5108779584159426,-1.8872445813134946,-0.08659635292033584,-1.0146478256452052,0.21682736532187974,A,1
-2.2746693480796756,-1.0952390289119203,-0.9499412937625457,0.029382352664001663,-2.7124756094299256,-1.4094151045102181,B,0
0.7222723294100413,0.278811955554506,0.9305992318150349,0.8185160604524124,0.06431366863736843,-4.229188475793304,B,0
0.3590058295500358,-1.0270107371041115,0.04233324235987057,1.1750515732605733,1.21129127463053,1.0836272554097681,A,1
1.3019026059272565,1.5693006655281434,-1.5417143889162006,-0.3053972966468336,-1.1521704475275127,-0.7795110571649225,B,1
-0.6153065786853813,0.9515895862295901,0.3381159440094841,-0.31534590730651935,0.4213923138770741,0.808733689314743,B,1
-1.2856766140253724,0.48990992640558123,0.907802688182245,-0.3368529647771405,4.048503156141131,-2.7139911171586735,A,0
-3.693004078524531,-1.402782292125902,-0.18010536891559648,-1.7543950622807398,-1.6359041708636979,-3.044576457304349,B,0
1.7099962282771481,0.31395568677062313,-0.5698379453834128,-0.6755914271067027,-1.8669688888225093,0.7772120626768806,B,0
1.0645132073480488,-0.2024811401158107,-0.18439361955513633,-0.8348817573714845,-0.1789180105294108,-1.8912046783388643,B,1
-1.1117135395133861,0.3491872278547174,-0.7313345962357589,0.31393534496535186,1.1720682896503307,0.08639575670747246,B,1
0.4267741800957805,-0.5278723045040161,-0.405123609609066,-2.058683572425485,0.8284046890416614,-2.5796711990832604,C,0
-0.4348143098143391,-0.10034939985478776,-2.0451526509848934,0.10671355282917556,-2.258580351723242,1.441329450797546,A,1
0.7301128151697381,1.0912030122258747,-2.262022212988093,0.6629400690638799,-1.7264131315215894,-1.8396345961889127,B,1
2.371583097250836,1.301303185999378,-2.1051167974636282,-1.7986386199612767,-1.919406127101848,-1.1939522836089587,B,1
-1.9775511422605285,-0.23623677633194626,-1.3941638900426052,0.14151777507438057,-1.4660296630441114,-1.192647540621771,A,0
-0.7884949943296764,-1.6622352719810929,0.9927628603275138,-0.8743047140695892,2.15126332675285,1.110744352773345,C,1
1.2492811499520546,-0.610561699429382,-3.2188142501457064,-0.38862916368929806,-2.155811883245688,-1.8954085133851257,A,1
0.9508667771684491,-1.1544122165629762,-1.389094898648944,0.7238552136184695,-0.22419045418638273,0.0007762736685001936,A,1
0.8937494631297037,0.25669463949255095,-0.920065246729151,-1.044327677364324,-0.9071417752852979,0.9517434108076959,C,0
-1.061987840091655,-2.428234481287096,0.6923808292499022,0.8728703449389911,2.7169943011905757,0.8619977469831107,C,1
-1.0003516976383966,0.6536689016140788,-1.9197683806764594,0.464880060892913,0.29082769423613897,-1.2271801592365925,C,0
1.617689445010734,0.3823177320427555,-0.6074965063469298,-0.4579182550938458,-1.4271166089297616,1.1134383854606098,C,0
0.6760448492328558,-1.1177301630404755,1.008161284869737,0.19063494231433079,0.2414885183194735,-1.5826077035427466,C,1
1.7424181028327015,2.1855777404625356,-0.8135126731005158,0.5220507342978814,-1.9263116705339536,-0.6858738677140704,B,1
1.5248666114117766,-0.7459907804214435,-1.7111499452745234,-1.9999746105644927,-1.4239931010692968,-1.0917086711819803,C,1
-1.3943776140804458,-0.8022546664370894,0.9711720673589335,-1.6064718667968625,-1.8126511040023745,-3.028318120813511,A,0
0.40507313214683216,1.1933058792174351,-0.9133800328593286,-0.3825288583789756,-0.665032497338437,0.8910138359629658,B,0
2.7293301332403384,-2.0771591197359816,0.9672026104846461,-0.7836235620576951,-3.176996050477639,0.19781682769387143,B,0
0.8880883556553277,-0.07247271454891752,0.13087043715206859,0.18671315683321987,-1.5408776738023002,-2.3939407191491595,C,1
0.491558315560098,0.03648676634119924,-1.9434485939000479,-1.6411807388674462,-0.4755912556532025,1.2479873627461724,C,0
-1.3000567009358692,-0.21215407921717838,1.590244656785371,-0.9610059991242222,-1.153295939552713,1.1281538854664812,B,1
0.86549578778678,0.6887692883566401,-1.8791258458983222,-1.1006363378348918,-1.783433235431715,-0.032136854658827874,B,0
-0.5873603724940597,-0.4044378524754562,-1.3205638844282972,0.25234919368082015,-1.0212900784154155,-0.5433166727516363,A,0
-0.420501348014539,-1.9604418253683429,2.0043211626690853,0.8340324662727685,0.7531350252535185,1.7438149533591196,C,1
-2.1872733880246176,-0.1907823369928556,0.1364588968470093,-1.9646981444255416,0.25712703896413136,-3.409838057276462,B,0
0.6682721140791594,1.1317778845209523,-1.2471736128455313,0.06719365609569715,-1.4381628206654058,-0.34294947004499976,B,1
1.4548918874681458,-0.6133469826240533,-3.476897526408525,0.17159025913928402,-3.5387728469311166,-1.371372447362086,C,0
0.8056672170814239,-0.2777943273304398,-1.1768516668469284,1.225395232859673,-0.8517678808590168,1.0357625049473604,B,0
1.1387199240022492,0.18583505832877234,-5.166187617668794,0.18849182296636824,-2.83992592734124,-2.8892366714601714,A,1
-2.304442628824229,0.8298579346224544,-0.09267940989155998,0.07024388842161298,0.5918593147591147,-2.9975509419023187,A,0
-1.0457596466142727,0.5408024203986976,-0.7582100702414969,0.49159965025851865,-0.7504959426346731,0.057057100372830405,A,1
2.362497139124635,-2.486149678470236,-0.5152620036889457,-0.07694875829956106,-0.7470055337986851,0.23982582728054114,C,1
0.9962543094074878,0.19899438557711943,-0.45485724838603014,-0.4965348420130441,-0.5266616294925577,-1.6220599882552689,A,1
-1.6706859268304792,-0.7844433330656392,1.8752565137690294,0.2025046766022951,0.2699246099249656,1.1493460665599537,A,1
1.8493227706998079,0.19718411819701676,0.6891360915136597,-0.6273988257831357,-1.096961421609261,-2.548564780801626,B,1
-1.283362002766567,-0.6546087365334143,3.047712007703915,-0.37599338160042156,0.2579854712935673,1.8954107255689046,C,1
-0.8009728939236485,0.1624392584440685,-0.9822854802079094,1.3012371512911585,-2.2282548572737735,-2.245473242779795,B,1
-1.1941751989409746,0.18385281047322435,-2.7295394352275,1.7397190745843485,-6.293301546891751,0.863027944415943,C,0
1.1070440786229498,1.8669309276744128,-0.5148576792396216,-0.3923070290156926,-0.742080139477923,-0.3984671374146599,C,1
1.559265361900632,0.3634373230764103,-0.8977258895283854,2.2091302332171128,0.13344966676712633,0.447405964205454,A,1
-0.37858904881949185,1.0194915230286465,-1.648963509716613,1.1917158733448203,-1.799936907113441,-3.9919933926210933,C,1
-0.24929998962884514,-1.4131051897960274,0.5717198844718596,0.7646375116210172,-3.1110913980632313,1.0055859110246015,B,1
0.4242663593837288,-1.5789081123956183,-2.8349707799408503,-0.34940611462238647,-1.7771844039591358,-2.8994417960962213,B,1
-1.0633626269631327,0.06885257785055186,-1.2305153558930817,1.137861714309034,-2.6267806878616375,-0.47307470721928035,A,0
0.054173596690035075,0.008704329651232726,-0.9977227911588546,-1.9481737788572926,-0.11818531245066977,1.0488513942548958,B,0
-0.767807508717995,1.6654532198322556,0.43193427252492533,0.26309708300020745,0.6745882474856697,0.8017736996172408,C,1
0.9990903317421892,-1.2291775722377538,-0.7411413363794357,2.038541395288826,-1.6424707183950482,-0.8448247750846217,B,1
1.4514580481348394,-0.6192401912999381,-1.7581216773861685,1.3187640782957073,-2.080601108457717,0.1326493815980243,A,0
-1.726249082449434,0.7908231212544062,1.4312252300603872,-0.29208745414066695,-0.7014102755551022,0.8825393569655042,B,1
0.2952356250698098,-0.4589150217720023,-0.6973697946043891,0.4245368323683315,1.1594718177655916,-2.223056645755556,C,0
-2.9077246813409445,-0.328418881827302,0.03737550216916552,-0.35551444568768564,-0.7740177502106707,-3.122417938134326,C,0
-1.9140949048559142,-0.45594901617306416,-0.9423096062094004,0.4159042702578549,-0.5075741178833892,-2.268789754156116,A,0
0.6426531628475916,0.322685953739596,-2.9145799937023344,-0.6424377602816908,-1.1711022575251793,0.5138969460117258,C,0
-1.1548232583786158,0.37749476506491375,1.8078207767965002,-2.7124485955830786,0.6662266596508004,1.3307916618448137,C,1
1.8956332816793449,-0.24192822873528622,-0.7131771762743369,-1.5886168582998463,-0.9234376079262966,2.0392517862845216,A,1
2.4459666801212943,-2.392601774519279,0.3171001645419731,-0.14597152454274917,-2.91778583677607,0.1862507062514136,C,0
-0.16856687484786104,0.44408314250032854,-1.4359939961220776,-0.7913034759333643,-1.2809465474194721,-1.249922701477367,B,1
-0.31037168221221245,-1.2111074891872007,-0.3703308451353441,-0.31026869161470044,-0.9736559363634014,-0.3162902542008954,B,1
-1.172674258649109,2.0233247442300826,-2.1476280559259404,1.3626156213823049,-3.172984961720359,-0.24994438480157022,B,0
-0.11652542721244163,-0.598394454890264,-1.3720724082889402,-0.7645221034945495,0.5022498500990118,-0.9234648381263908,C,1
-2.0356519647982827,0.8414979062189417,-0.3433286240729847,-1.3189836999654956,3.1053455540478727,-0.05421845110320822,C,1
-1.424029130257035,0.5023400150092917,-2.485234008657369,-0.622751136129189,-0.20914737312366116,-0.4238987489595616,C,0
-0.40970000009030016,-1.7654580252981786,-1.7508341851000417,2.4040044228306985,-1.4961875529355662,-0.9047384202895128,C,0
0.48180452403924834,1.2110192593742015,0.3477894746417547,0.577849864667919,0.9306106383270176,2.6201912596942503,C,0
1.7463603426025835,0.7342202716637841,-0.06799730159747086,0.9293488172675535,-1.7630658386020177,0.156725140144385,A,1
2.3613737198417994,-0.3517912881430155,0.2320073813276875,-0.42592479198066796,-1.2098286789279555,1.9711385423164163,A,1
-1.467857039750487,-1.9976881434855942,0.18354251832652424,-1.3830409756125588,2.6073652886003185,0.43896511749365297,C,1
-1.965137417729811,-0.3154288019746698,0.2269184534842188,-1.153359804437447,-1.397193857519459,-3.060337441917285,B,0
-1.5592673790051101,1.7224480668756128,1.1947591542581748,0.8410389605482775,1.7101237212598441,0.8793995884089832,A,1
-1.3539388657699127,0.21370629433824004,0.2409454736759069,1.2248360587029086,-1.3370049232901426,-2.050185543345121,A,0
-1.0499467202690749,0.260848141908286,-0.39079995502915865,-0.5871979458738869,-0.4127223125699021,-1.840982889671545,B,0
-1.0106674417493438,1.2196638509424194,2.04832448449471,0.8270276008308057,0.9520308900771862,1.5149394604217727,B,1
0.5196577523845001,1.039313228775777,-1.5254867147747564,0.7536361695107429,-0.9349921996945431,-0.19270398910187714,A,1
0.29049551243629135,0.7831285728946479,-1.9834425743412791,0.37598639998743044,-1.1261017994213334,-0.7612007040926536,A,1
-1.0302868744295806,0.4587535900322368,-0.9369714079786213,1.8795825820813168,-0.5617018720135339,-3.3963218870979426,A,1
-1.6486462151898094,0.28698976240150104,1.2910330666600265,-0.8308438566907933,-1.7762909789703114,0.8214698761364463,B,1
0.9018966792395469,-0.646694126582599,0.1887252437787157,-0.8972441146699729,1.7768099930616628,-1.9784323323062045,A,0
1.4191976442083982,-1.4045744716631332,0.2186858075174425,-0.7944211168521731,-0.606301282275614,1.8516709807670666,B,0
-1.3564085962726378,-0.2882562699938131,2.09088820802085,-0.8245943993046829,0.9412303959978358,1.402112793911527,B,1
3.139641142855287,-1.2160094383417503,-2.2608744766999216,0.8576136786527487,-1.1227933732368751,0.9263553526825441,B,1
0.9548457925297643,0.7764277744479857,-1.6191487398539453,-1.903718269147751,-0.618710731864462,1.4870053347489522,C,0
1.202971854271528,-0.1602789899841101,-0.8667618429912384,1.454064767303491,-0.6380203959979127,0.6442960693721846,B,1
-0.7566997049036625,-2.672272798201278,-1.2008602943865592,-0.47823894902522396,2.1283167174841466,0.0131951331970811,C,1
-2.4850245647244282,0.7864704390638965,1.8238639621747792,-0.06372615035274871,-0.4866685881405035,0.7726453314845382,C,1
0.8429978121589179,-1.042784459190162,-3.20515411956973,-2.3606588672141195,0.4977713047412642,1.4868405518399306,C,0
3.1904658411951816,1.097285438541682,-2.0931403829392017,0.4759658621782235,-1.664850730646643,-0.34753266707018937,C,1
0.22859851410089616,-0.9568761773823097,-2.0218784367920373,0.29753863522024,-0.8863590466082955,0.33702960417688055,B,0
0.3733273345782564,-0.22738268451507773,-1.3409329999106159,-0.31041863016097065,0.08783865675475888,1.5994296255460718,B,0
0.25539195120641534,1.390688701595443,-1.2303216909257113,0.39627343502434204,-0.8197169326056248,-2.732266736375198,A,1
-1.3624249440816723,-0.303258682421087,-0.8445440752335678,0.4865906797350568,-1.7964504743042253,-2.3082984956474277,B,0
-0.4559825397100796,-0.7711752924501525,-2.49444762720731,1.3027832768210437,0.4971506783367243,1.3790494322376543,A,0
1.2377027698019205,2.394156742500977,-1.5926454206041623,-0.12322341292873161,-1.5923381243642525,0.5958778712649553,C,0
0.4496182271118101,0.6699011356816162,-0.15559058158777184,2.2565224512124535,0.02652044311715618,-2.4121211704949563,C,0
1.8452490195320705,1.0080223897163456,-0.14280008934512078,-1.2896250674242142,0.08495026380685022,-0.9002292956353849,A,0
2.3632730736967584,-0.46263091372378906,0.7980414238474922,-0.3166523005073944,-1.8043492530735397,1.2962378329758224,C,0
0.43739373655333347,1.4771459866634982,0.6347462472830874,0.7070404225412686,0.2973444860522445,-1.3994831462892363,A,1
-1.4922039749135239,-0.27685709219649896,0.8358420577711223,0.357633773559036,1.1540934667208815,0.721210967164752,C,1
-1.0592102523529694,0.6343062663303332,1.5314014174172519,1.530691166922373,0.6410626688388954,1.2356099030272933,A,1
0.8182041131895655,0.7268524990705022,-1.3471749410808291,-0.08864778279769787,-0.41942722427963597,1.428660919444263,B,0
-1.7065926691807962,2.838396355664127,4.131412110136829,-1.7926252324352787,-0.5218336815284137,2.2498414941059943,B,1
1.9444363097898423,0.45889782019827396,-0.2190096587219782,1.3119426229320563,0.21550143854516546,0.7266412246425997,C,1
0.6919078784368826,-1.6314510670146167,-2.9629010451844486,1.2295204427525455,-0.957185693528635,0.8035250095241898,B,0
0.688565080378278,-0.27717110998267175,0.6501004530504337,-0.04327958788813367,-1.2481759522796405,-1.6851561839172067,C,1
-1.7175619151939263,0.8427321692109259,-1.975504290898546,0.2936903368504145,-2.113937178331502,1.0749746490255125,C,0
1.1045248206149676,1.186922668235437,-1.8471340097214324,2.0861147077320963,-0.7648998274483899,-1.5292863145398914,A,1
-1.2913344900716273,-0.18607318062370845,-0.534797246165609,0.739724876335798,-0.7467685345385562,0.07258964098770782,C,1
-0.33788915178516343,1.0089676976156912,-0.7623628809692707,-0.8127769708305205,-0.6923641782808715,-2.360410655861333,C,1
-0.8589687616846994,1.08535712431188,1.8669868831706626,-0.23241361211709552,2.533654313528102,1.5311346534149528,B,1
-1.5233995715736628,-1.148181330348155,0.5224167643740245,0.8712261980971099,0.28436481575310535,0.5271654449073615,C,1
2.756774978277395,-0.14453246435291137,-0.05090205628432698,-0.4343479478198549,0.23285863859482436,1.6121846397598132,C,1
-0.8544308180819375,0.5570605720300378,0.6399016585119066,0.900454952780288,0.49629977121672053,0.8705021299442317,C,1
-0.34686317211349427,1.2324465489691674,0.5689827737804495,0.593940675255393,0.12546579559290794,1.0334252198073932,C,1
2.016125552615204,-0.6584311380971001,0.6790859918089278,1.1456624012862944,-1.1614958351774907,-1.6676643444997534,B,1
1.4554140533160407,1.4421183764634804,0.39925134738855483,-0.9060384923058482,-0.6074342136261834,1.8163400595734864,A,0
1.0657997155458165,-0.5060901295071945,-2.0877693506125095,-1.1009023853196103,-1.7574344410046245,0.18973784142498928,C,0
1.4075211891746315,0.23255036344032506,-0.8734721888545461,-0.7798850120627084,-1.30821972447915,0.317381164727528,B,1
0.0804066923031187,0.22566627352094717,0.19686788319056614,-0.4065031596913395,0.4229727561308645,0.15414117437770503,B,1
1.5759256583458234,-0.1741477667687481,0.8835741613388306,-1.9890617568288131,-1.080720511395194,1.411038939062601,A,0
-2.144131672724117,-1.436220711515245,2.419237452031344,0.26476078826732596,-0.1337248862209235,1.222748267339804,A,1
-0.723751008262042,0.29603097512270177,1.120026959146362,0.831709758351537,2.2223755974726567,1.2007713603000605,A,1
1.6455262617831714,0.7687580372209125,-0.00798869734481622,-1.8388648340477687,-1.1750143807249565,1.5555876905634802,C,0
-1.8126263436626961,0.5983818775801177,1.7627106047961565,-0.2355308328608744,0.716416916600304,1.0402762372120657,A,1
-1.986604659684176,-0.05626371362604941,0.6635448808864064,0.9140863926295286,0.8087178273469691,-2.238457308182065,A,0
-2.3255237192020926,0.3063725439663462,-0.1980053621079969,-0.09376940102124605,-1.1909629558864487,-2.842048082072423,C,0
0.1812282497688631,-0.35189682362315683,-0.6152091677773455,-0.8556093685765593,-0.01777032737402151,1.3147218694062786,B,0
2.367902472390842,0.8753953115481383,-2.5121177088880393,-1.5397209105241052,-0.9560076812758836,-0.5153485532880244,B,1
0.9133230250924347,-1.144356366466955,-0.6620186323233328,-0.6005326315529376,-1.6135417349894023,0.23477048024178349,C,0
0.5613435010352605,0.8846185567634207,0.1385325806239024,1.1009553806240087,-0.8338395511301259,1.1370915894094238,B,1
-1.3864793980821142,-0.526601728288461,1.9022335091384595,-1.0825904076640496,0.43228543693024724,1.2846334101735515,A,1
-3.211514034753878,1.79701034386445,-1.685820643455473,1.5303418115434122,-2.5800188943784264,-0.9099092989350704,C,0
-1.9416654717742996,-1.9855799935205944,1.029560958668223,1.305887694300174,1.5603547811772551,-4.1589775867058005,A,0
1.003309175842907,0.21406957149030037,-0.6734346055885605,-1.4241597145707776,-1.1857245656697417,0.7878409412284813,B,0
-1.9195540774605266,0.5732666782762346,-0.8347979064268336,-1.1600067501205595,-1.4990774648505187,-2.8618607962554004,C,0
-0.6319174538177595,-0.00378656636836343,0.3961801492378466,0.10763556150302439,1.9499242759188729,0.8696612705115462,C,1
-1.2731092899561087,0.05849942437694557,-0.14777944035855872,0.915131329474663,-0.7224432689697293,-0.10990721990842478,B,1
1.089678159747223,1.0493465455970319,0.5927935567551406,-0.19457089747752848,-0.7845331178245016,1.322055661289312,C,0
-2.036056570509242,0.5985417602151086,-2.156211791150451,0.2798745378447601,-1.1269997385094728,-0.18833889146141336,B,0
0.7386277499260339,-0.3541446872860784,-0.25746139718003436,-0.6757899892513279,-1.2261178000766104,-1.6482207983865664,B,0
-0.9345712765560036,0.03381282239480787,-0.6208932184128417,0.7049837787179392,-2.650514211398131,-1.6642651455530357,A,0
-1.9255421918061246,-1.4422998219104213,-1.340683279362291,0.8535879782760883,2.370749976382576,-1.532247308494854,B,0
-0.2706711962814363,-0.0967703521384406,-1.9801197965272448,1.2043262631070502,-1.1018184018401078,-0.24402282154004684,B,0
2.040858092333423,-0.4569087187271464,-2.254775303168718,1.531917407423551,-1.9454729527322256,-1.3595943606144887,C,1
-1.3387625319312582,-0.07185623880239769,-2.3628238594107907,2.257349801192177,-3.2607142877274953,2.265571523443246,A,0
0.6651199935293917,1.7793893076042426,-1.2624169783427042,1.3630331471275958,0.7607860836073945,2.87217838715169,C,0
-1.199636835985928,0.25022391412000633,1.4071222668115522,-1.2524495761836905,0.7448820619112246,1.1173009672489802,C,1
2.8653869055407704,-0.5227732796812957,-0.6362131347605888,-0.9109811160502376,0.2358408592150698,-0.9828838151394997,C,0
-0.48685020217343566,-0.3112588149555722,1.2018330080694202,0.4784488604292955,2.242127382695478,1.331517852814121,B,1
0.0863013480006265,0.43645174381965757,-0.1524156348654333,0.4809993324896235,1.7259097765675364,0.8847219682073197,A,1
0.6646034451274785,0.2911380980352713,-1.5651739852062811,0.75778014437391,0.603110906548189,2.579087997555347,A,0
-0.250477517797818,-1.5516033385986248,-2.4223412082938176,0.6632742780370271,0.06250068456241165,1.0045632565425826,C,0
-0.9949975974739588,-0.14784026112915843,0.06004360915484008,-1.048056169135741,-0.17973200418834057,0.5098723314897224,C,1
-1.7091786257900292,0.858999426657041,-1.0273801902843815,1.3289522697514158,-1.6661810223847253,-0.4458694574045384,B,0
0.7816575874733807,-0.9331749665645381,-1.9053338972565246,-0.11246778110701332,-0.6721052085095007,-1.029730107489168,A,1
-2.011369590468466,-0.42807619736311453,0.92768250107426,-0.09202453983514718,-2.4240337108604493,-3.7636124203696655,A,0
-0.8967335531938097,1.2351484953707288,-0.15036287590127495,-1.4666107525423466,2.1064756204065738,0.4889740836388673,B,1
-1.1088806972285987,-0.05917911081044439,1.5039305070918796,-0.7755218493785112,1.8402395221270615,1.2282940741517556,B,1
-2.118531753917032,-0.10019726122006117,-0.45283168841914656,-0.6178119162263548,-0.32083736247608285,-1.7221910666187736,A,0
-1.2112955753257304,0.3460850187145519,0.34072051386408864,1.4482070721955065,0.8750279730397859,0.5816999860187229,C,1
-1.818785474389224,0.42654837951797514,0.42772414728755614,-0.44255820180133437,-0.9671263831614603,-3.8412133722880766,B,0
2.020345582832668,0.5647340586586013,-3.0779508867144556,1.0617536055582188,-1.5277233831915515,-1.7816446105601955,A,1
-1.8849862600838634,1.0055134778542338,-0.49514502358393553,-0.13486193686592154,-1.307371543746225,-1.716979255644067,A,0
-1.2580955294017386,0.17659703390572892,3.3100237524152,-1.6213235394653875,1.0295312015886515,2.0495303068621125,B,1
2.38499273513271,-1.0662703713871013,0.1096149355368563,-0.8192902855764191,-2.4341363747258384,0.6027830032178849,C,0
1.6327303582266586,-0.8866246121512584,-1.4707530568809923,0.7500056946036817,-1.5451182423347922,-2.156051242155838,C,1
3.1370506697007747,-0.38509569134236665,-3.6736889971855606,-0.7858396283338419,-1.067914312069563,-1.8804104002591409,B,1
0.09056976098730785,0.7404896004105328,-3.6052250932663026,-1.243268208639289,-0.7944991088733202,0.3600112234392219,A,0
-1.5298649065555177,0.7182502675041909,-0.6677373661737025,-2.494009643180637,-1.4890063453032345,-0.42960917520614106,C,0
-0.6432092613423808,0.22532221740090747,2.176662156525068,1.347617085802308,1.886102780428696,1.7590581971877914,B,1
1.955360816624642,0.07305939817754814,0.6984495371573258,-0.7655504646213932,0.9757090470002125,-1.11607732107428,A,1
1.2030192683052636,-1.0436749820551623,-0.9566666547272077,-1.6631996768041108,-0.24609833883374244,2.041188285016008,B,0
-0.8200891779653587,0.4996783072459933,-2.109793473455716,0.657589259523943,-1.8909252820742428,0.3058082751406075,,0
-0.0709452592107962,-0.23353454358335002,-0.5413039212654173,1.1294973416430827,-0.7402246537385904,-2.023453064452017,A,0
-0.601615567180515,-0.2366024037830309,-0.11722848543063669,-2.1443801504056403,2.4520175436495677,0.6309230584298186,B,1
-1.2706756657185305,-0.19987450780478255,-3.338918748136063,-1.1826443875759345,-4.008668618056953,0.9266358824635406,C,0
-0.013622320447087555,1.470400762320152,-1.2980342525243374,-0.08487179646937802,-1.966295069363756,-1.1977180803262057,C,1
-0.7226039945921188,0.0389213469326338,-1.131712536054871,-1.9716208628561636,-0.9189527356945166,-0.35047914646583467,C,1
1.272705077693809,0.09241679779904749,-2.5862907741448637,0.829398864004722,-0.5096238966688418,0.44640991185473844,B,0
-1.0688573401425565,1.103928479007024,0.27493586729953257,1.1545530187793256,1.8369329832128245,0.625699432557898,A,1
-0.5628187264382125,0.29754430644154906,-0.8152236879480148,0.8171785594662103,1.929785473344607,-1.3885076894920603,B,0
-0.9739073104887134,-0.7826231982025401,-0.16195907421588107,-0.15984192218137525,0.49408174000391214,-2.153415944803452,C,0
0.5845223807871829,1.0351268206749589,0.025805988245752642,-0.8065122923411089,-0.7870381416532317,-1.9336172886385614,A,1
0.011581158911365352,1.7394844705186887,-4.531000267887141,0.05466541840461327,-0.8637218066550018,0.3584458365701022,C,0
-1.4014284714431782,0.35438159028433547,0.61050702976661,-1.1951304513149896,-0.26848654826889473,-2.1932759758506197,C,0
0.6441031596886712,-1.0892599428406615,-3.485048117899753,-1.5452019857622603,-1.8489508289007826,-1.1307738089639479,A,1
-0.0352108447811077,-0.17319380862251216,-0.12776326522460923,-0.7515328582978597,-0.8425883529838587,-1.4120224805051977,C,1
0.13469881967129183,-0.18979824626505729,-0.835446313690865,-0.8864889894032174,-0.7098064692309285,-1.481067324416129,C,1
1.2924978510649252,0.0412749393430394,-2.5153679731511556,0.015398121111137628,-1.9415780859460996,0.19707369439654543,A,0
0.4734063622609248,0.9198699183530892,-1.908451157696549,1.403142549962902,-2.7410466625415815,1.0123962632460595,A,0
-0.003961071237860825,1.161904839712903,-0.7587444753296246,1.6841073981213952,-1.3226470989033308,-1.6507763443474501,B,1
0.5647887891588854,-0.40175059501136046,-0.18722944843208555,0.9739781618137272,0.2797475933013387,-2.05451943497755,C,1
0.2593886934661871,0.892660549463688,0.18538303933094036,1.9585640669570605,-1.477411724301541,-1.342950159218785,A,1
1.7350591761746847,-1.5695407463300572,-1.3665874693636437,-0.5444139850674724,-0.878742443832059,-2.034525712574684,B,1
0.5472894185012993,0.5853811341269749,-1.0066527620410568,-2.258499356309548,-1.3931091742926385,0.14201563546726648,A,0
0.16391651676560826,-0.14533971264342294,0.07913765793632077,-0.2759482603542621,-1.1109256063394755,-0.380943123923144,B,1
-0.0632895376821353,-1.3185993604618687,0.561361550612327,1.0869352178326839,0.8300317467812612,1.1585935970788757,B,1
-1.5730477646434866,-0.1312356093465435,2.389689441942841,0.1958951178436683,1.8440494058800212,1.4757420355032926,A,1
0.715951425720998,0.22645767659921487,-0.09830322163792082,1.426785353700089,-0.3635693319194967,-0.6264974512892008,C,1
-0.8299337911346796,0.9523924063654711,-0.014898807996994279,-0.01850927951423524,-0.3130555613117818,0.5333817319600058,C,1
1.262934615447346,-1.9834282933127063,-0.447607109010585,-1.0751018904781537,3.000710756105935,-1.2586664170572823,C,0
0.09242516440473358,-0.19506164649666216,0.19868467789586308,1.465565652365965,0.5914468534057633,-0.6487028666730934,A,1
-0.04795523724148798,-0.5392034797337789,-1.294815500800174,-0.3042899627173513,-1.4899924464657939,0.4007352632712071,A,1
2.1333637962903254,0.20150912819909253,0.2646900328887689,0.46283007322666797,-1.8557802209981853,1.061825005930471,A,0
-1.1246015972577548,-0.008068887886381325,-2.9324153856405273,0.9722277579706314,-2.414757409104653,1.080502933465922,B,0
-1.7847487912126705,-0.3209343707298724,1.573300476725398,0.04786489704255587,1.7142576726771015,0.9805788124906465,A,1
1.435921517239406,-2.503088723489597,-1.1616121189239206,-0.5680018201182806,-2.0750688800893684,0.12338821629714958,C,0
0.8999808501714732,-0.5483608752467385,-2.709824964521995,0.08122037725160365,-1.8884517304447779,2.65453849594011,C,0
-1.3807422982297615,,-0.7593641581490302,0.16728476720785662,1.951011067830997,-0.019997708630164368,C,1
1.0197769240398622,0.36296360030263525,-2.3848165613222276,-0.529086068723371,-1.7878876024359092,0.09106193846892763,A,0
-0.9856451855192021,0.43716940132561427,1.0067168246905096,-0.3215670957775679,0.24249059985413313,-2.911648663248137,A,1
1.1982796225622745,-1.7097049797502668,-1.8594444653613496,0.21895001238758555,-1.9843096162421512,0.06271350146926735,C,0
4.303820334593242,-0.6659509961055271,-0.37328829738066516,-1.0776771185191392,0.5543363292367509,-0.27742274321446003,A,1
0.30356124427293407,-0.09107535051039758,0.24735841925073598,-1.477629658982419,0.376042044814072,1.1473034165698128,B,1
0.011384435763876377,-0.2054044300833219,0.7094029002204794,1.1513277408807014,-0.3975527508725687,-2.7480360357548825,C,1
-1.6797411913728282,0.3736466805946939,-0.23492865855374012,1.3206872819975053,-2.261051104549207,-1.9839293618089355,A,0
1.2354344640409218,-0.6995511631861377,0.5217370813931843,-0.8139369026984262,-0.5432595543631604,1.7670362189359128,A,0
-0.079056370427384,-1.2947067536141774,0.02165926857455791,0.4273110867538856,-0.7389026679828146,0.8523507423640192,A,1
-0.8634700303521458,-0.36328122827846054,0.14412687137304048,0.307551610365067,0.11446790756216729,0.6079473712031346,A,1
1.6529914657592988,-0.6507384993780525,0.9999136629871592,-0.3545754547373011,-1.0705140995653517,1.434455533849566,A,0
-0.6804180489865324,1.7734473394018686,0.5488532158829109,0.1995706895180897,0.9248018016485935,0.9036356348599115,C,1
-0.2691704951008467,1.2666031635466337,0.08775973341896837,0.6236472493074731,-1.1981521748937651,-1.6944911892747834,B,1
-2.9684671355439542,-1.2651950720326919,-1.4419804041393558,1.6271165616722565,-1.3904254709642299,-0.3754027831308794,C,0
0.6973584628063814,0.07918218756962711,-0.07147113895071744,0.15744230683874982,-1.3022466983181047,-1.9359639964589335,C,1
1.5680294092733877,-0.29171220418112165,-0.20265130833171652,-0.3968394130058665,-1.4512895109286146,1.0215626580030404,C,0
-0.2631337348090612,-2.2823016950992905,-3.214671951032498,1.4692252777332424,0.20447998116547828,1.2305707874603242,A,0
0.6686046370600756,0.9197913240500053,-1.1686113262404279,-1.0957918990669102,0.022012736604895,1.8277176226291725,A,0
0.22014268678423066,0.3017266642206258,0.9771387569161617,1.3168054722841962,1.6195925420395154,1.5012895027517246,C,1
1.1512055441036961,0.7822500399402454,0.3921493668809155,1.0426044316244578,-0.6312545981947175,1.5042576307956028,A,0
2.8151642541066124,0.6350146860713466,-1.6366074522690783,0.873488212885673,-4.129783471959977,-0.7204997712947827,A,0
4.124635750374718,0.37030063384442863,-1.8858368722265273,-0.8568369395197903,-1.5670333274817545,0.8574635878755337,C,1
-1.2674023194784378,-0.8098140972767338,-3.0014869310606884,0.10554112129638223,-0.9447891083970851,1.9471092381581863,C,0
0.9688256985114495,-0.03094537485389066,-0.1788251735371048,0.12053902546970682,-0.0666109158883953,1.9009778936132322,C,0
-1.7403249131304865,-0.4095194687774696,1.660321886279029,0.7999774679140633,-0.17691489425226004,0.9974326934578737,C,1
-2.1814199754574513,1.9587603729602607,2.878833225049041,-0.5676486427149487,1.7118141397605893,1.4774620199156616,A,1
-1.4511799461543398,0.2305706417664796,0.9435696819357311,-0.21042572755923167,2.6773388196537287,0.8242022647110475,C,1
2.0512495904569623,1.6467921087553123,0.9573889183039908,-0.17816809029657246,-0.5930515406623985,2.4347161015593146,C,0
-0.21625238531780733,0.850143399158207,-2.741613393782335,1.730650301681981,2.9337065510850904,-0.5199876727604686,C,1
-0.21870949290849107,-0.14723417817444245,-1.2917886401332102,0.7542059906134077,-3.333442017265447,-0.7045716122960867,C,0
-2.052487768886051,0.6297162129613698,0.6448558790908695,-1.2254446563254549,-1.43278400027136,0.3417774161485132,C,1
-2.1874156815767183,-0.46662186348476925,-0.15067453814215437,-0.36850521215610155,0.6596780163245215,-0.0799953048678248,B,1
-0.5577238135745326,0.8771111535319533,-0.005685433559196595,-1.105705350900624,-1.6588258708462904,-1.8274982282303767,A,0
0.38289108162361996,0.2829356308815258,-1.8137843800242437,0.3310684757649382,0.23933949959137157,1.997924226529737,B,0
-0.7911535546622197,0.716593189500581,-0.17997679223757979,-0.2868587609530075,0.08569851703765785,-2.450990524799039,A,1
1.0551371320404728,0.9313958376702176,-0.26904329093875845,-1.3004679148209843,0.19334006124146574,2.3558844390519766,A,0
0.4120146973339567,0.03246999070797592,-1.2109128781558303,-1.0931217497815828,-1.652665140525934,-0.5342287138283566,A,1
0.8160932211434209,-0.8532390027431336,0.4401817963831889,0.2144968860886563,-0.2716899081107057,1.6893517593228902,C,0
0.17224502913165862,0.3293435693814721,-1.4892668600058672,-0.918939317186443,1.231169607634273,2.8088045266104777,B,0
2.113347318107768,1.0609151117898654,-1.2251617003280952,0.9879621593128113,-0.8819646227569802,-2.062473274858526,,1
-0.10557754500252325,0.7793665143778102,0.9774053395279311,0.7269921150487964,0.07957743407768447,1.3360919593770841,C,1
-0.2600478588365276,0.8707979422598794,-1.439474673324913,2.7897973532943956,-1.7849984858305108,-0.36862696978211973,,1
-1.0636438485866655,3.208768606708029,-1.3764010730187783,-0.8101818030595682,-1.1946939827130203,0.06393647341394804,B,0
-1.5605642411655094,-0.9727135909371106,-1.3438590645864144,-1.5198986050003207,-3.1563672919031642,-1.071123749571117,A,0
2.5229426857384682,1.3687154884890238,1.1488800470634568,0.9609018556479767,-2.790196098473972,0.29840224872170307,C,0
0.06201549237171933,-1.5629417701107367,-2.2123171796978327,0.7251036419165122,-2.6708796833816653,-0.5250929118679892,B,0
-0.4117185083192294,-1.0637571845390013,-1.2506389516538752,0.8422534964048385,-1.2321274832284987,-0.8397175073161149,A,1
0.6112835778864754,0.20198845902709006,-2.6481748020817273,0.42563440377966866,-1.675804680825965,-0.09785247298524258,C,0
1.620627417339847,0.5461346805872914,0.6287681115072827,0.22224238695594264,-1.4257811236058056,1.0461891660865015,C,0
-1.8855936893367984,1.7687051231550428,1.4481274126322299,0.32989116388467504,1.663064938587414,0.872699959576966,A,1
0.6108999427866411,0.5113541607259986,-1.0430825324670692,-0.41918516972640313,-0.47430409945470997,1.2449021056161778,A,0
1.1577664616272232,1.1146874277819028,-0.13085517843385075,-0.5296272393377955,-0.6754996193537317,1.476887418422952,A,0
-0.1915057869227974,-1.502904283572235,-2.369394355226693,-1.6293332076442917,-1.906563530371561,-1.554191310245454,A,1
0.2875033875904298,1.1302843415298645,-2.034337837642723,-0.24510358856583095,0.0805188782794164,1.5837641921445609,A,0
2.0883597260367317,0.3568800724990371,-1.5375580409501175,1.9485814590487207,-2.018243703109316,-2.9889861200689545,C,1
-0.649576043534195,-0.6373710179711651,0.1796252780444344,0.7972856591604187,0.8409657286887113,0.7254328194948776,B,1
0.5299574063962283,-0.07017361621904003,-0.6410836735321817,0.5546993385084862,-0.9820599269431268,-0.6419731855176455,C,1
-1.3268831113210866,1.7718424235586199,3.2363414679373372,-2.3726655213415695,2.264058112106624,2.015300773378031,C,1
-0.9593625854443835,1.1166341356761427,-0.46693910518569315,0.23360702432016694,0.024618032061905826,-2.155511049134556,B,0
1.3452754993736948,-1.8799574725438841,-2.871604689141062,0.5899450069543631,-1.5735924841771505,-2.164500974817714,B,1
1.4272900721184145,-0.2424507394570983,-2.1235394128551466,0.5028700094932507,-2.266696431976019,-0.6734048548872501,A,1
-0.6399528001477223,-3.217378889289618,-0.4193166915243425,0.25246336534646735,0.01569924266710676,-1.4930494537840129,A,0
-2.772691429295748,-0.19495128991786728,2.066673714825966,0.29249693129533827,3.2874914572182257,0.8540385721961656,B,1
-2.6542100799424935,0.15688393774208909,-1.3391972039288587,0.8949088679493087,1.22379525963273,-1.2519827017089828,A,0
-0.21616353216496598,-0.2379579959405804,-0.6257526978067083,-0.4995104196995077,-1.4034473705527442,-1.6979993189777773,A,0
2.9105112750043487,0.5141964859880104,2.8849670089311465,-0.32722230339509567,-0.9617964604767032,2.731538625639414,A,0
1.2145768473182876,0.279164170249759,-1.0041912134201676,-0.16006051860827836,-3.077743663785887,-2.8615976481189906,C,1
0.8477849127074952,1.9089938502323855,-1.2526171176917433,-1.538377633331813,-0.8650818675892094,-1.173731514753689,B,1
1.483792227367943,0.41102812261744226,-1.1704564617922455,0.774980889007615,-1.31401762487203,0.2377410822187207,C,1
-0.7554294719528638,-0.6074342260785449,0.27725040249842925,-1.1159177072462396,1.1870868799330099,0.741662744105492,B,1
0.4484268909827642,1.3857477592846201,-0.8357380233582784,-0.012809722999356492,0.7490977355252466,-1.924782435346839,A,0
2.2351597686314246,2.5697458377001388,-2.4749386441839025,-0.6232192996814252,-1.0100880807486938,1.0096379604099046,B,1
2.7003800695633027,-2.452829762626886,-2.0347044575787745,-0.23277143731562203,-0.974556463121597,-0.14517977976983298,A,1
-2.4699069365904744,,1.3280567613795533,-0.9435700677201616,1.587810008619475,-4.459734159274488,C,0
0.35914312405543314,-1.4919024626931252,-3.0836279042279164,-0.7507131618806316,-1.5319145723896397,-0.24972578980807603,A,0
-0.8085342400940616,2.064025156840204,-0.48718818938759667,-0.3997708460547982,2.0757382407040517,0.356362368478394,B,1
-0.395569614917064,-0.9729436652547405,-1.6628683523197547,-0.9456316197648206,-1.4576915812953481,0.494735481308163,C,0
-0.20763584858481576,-0.8642643939609878,-0.4287148291562084,-0.22512292652613564,1.9633634046158972,0.6316168073835224,B,1
-1.438528400208729,-1.7146420014868895,-0.8492883426135938,0.11141229608042931,-1.2430980816413741,-0.6930079169430922,B,0
-1.590691944383397,0.2261679845168741,-1.110448909989679,-0.23497783215533918,2.7126796095868464,-0.26556303812849635,B,1
-1.2472902020375891,-0.19933161675246008,-1.2983894189526621,-0.4162841357797811,-3.7164661298446,-0.09857314745349433,C,0
1.426721528909418,1.6724940876075887,0.6769080152493756,1.3793199534874916,-1.1895253648212702,1.1539105200056339,A,0
0.2841290876478848,-0.44237519053220326,-2.894754541572703,-1.2283646231473866,-0.8022285001004079,1.7964550363075227,B,0
-0.6891083993293947,0.610314301061632,-1.4622897404344988,0.08524307681107701,-1.1884099369173275,-0.5256649050265321,C,0
0.22757641086836533,-0.39789571351721326,-0.9626896446554742,-0.2057522404396662,-1.1398119939644995,-1.2481733427562933,B,1
-2.5138825100072957,-0.6811432120466233,2.376570187629847,0.147458299578662,0.4952294285711849,1.052326282001023,B,1
-1.032716149006072,-0.11065811709027155,1.4063254980078281,0.7999745625101758,2.7597192395453423,1.2284633101365954,A,1
2.5825031049891574,-1.0402743767100244,0.39094352426566914,-0.21906379449457397,-1.9200349050129224,1.2645350504974386,A,0
0.3756935756913591,-2.4530042089203676,0.14980859286430248,-1.769291160856313,-0.9827583601197808,-2.317420669094255,C,0
0.19254403503511575,-0.7732147681658046,-1.0470767469174105,1.4597388556671116,-0.15886581081990503,1.1535866716331145,B,0
0.2394616676380198,-0.1735440725217398,-0.9034352107115028,0.46522889645946347,1.712034862819464,3.3998677774207557,A,0
0.14721514632683697,,0.7556034581641946,-1.5827072632722123,1.3679856810867665,-3.193484302681443,B,0
-0.9813132139999898,0.10839346664819456,-0.9441899339493176,-0.08475169122821145,-0.1795864311426414,-1.6613510274435779,B,0
1.1124150559776202,-0.910277071631752,-1.571670286651552,-0.19801380024915002,0.3819667919977314,-1.1175487523571843,B,0
-2.840885340604352,-0.2522800240506807,0.283867137512716,-0.2169069947406365,-1.272059636869672,-2.94304639982973,C,0
-2.1578766329413153,0.09454985232285684,-1.9942531870152314,-0.6569166468758764,-3.3409298582513363,-0.6643011641689283,A,0
-0.010274950606584898,-0.5208761483491172,-2.5562127920833397,-0.9704820431793175,-2.1718886659008163,1.1563966526942364,B,0
-1.384279771927349,1.2881272885397144,0.4119205295862147,0.08105184764989837,-1.3795056443074043,0.49463849384357994,B,1
1.7611312744300915,-0.9533485613149566,-1.2323814572934786,-1.386468464223124,-1.4626349297915007,-0.6426567769003386,C,1
-0.032294030050380895,0.6787395532205971,-3.5680028381564752,-1.6031792358712083,-0.6197019061168669,0.529814088320943,A,0
0.5034370836017168,-1.305292429713949,1.9298251181925745,-0.5388152781058227,-0.5617303686630037,0.5194590232631309,A,1
-2.024896300496799,-0.14917665194859803,1.1710323769163322,0.765051693563082,0.28051394482514425,0.6532339249533594,B,1
0.22227647814248264,0.16891501285878685,-2.98893754230486,1.388784507474798,-1.1807681477268424,0.08617100883321693,B,0
2.4938515016283604,0.06475934776920216,-3.7034721186404016,1.8675737953683562,-1.522684057427514,-1.253410287038588,C,1
-2.212546702981327,-1.0180033572524987,-0.2698498131896019,-0.9117715769243674,0.9921920824802823,-2.6812341715700874,B,0
0.5885845132463035,0.256710169352931,-0.0871414646343962,-1.8894314438066129,-0.31496985202649475,1.420965972974256,C,0
1.091159762025638,1.3254868541848126,-3.0171819851334534,-0.3758055478267842,-2.509116107443259,-1.393065266542303,B,1
-0.5045900972827329,-1.4098803845833263,-0.3471045990459627,-0.4793771877414103,1.4516253809458652,0.5363978860196332,A,1
2.5632737891173725,0.6156499804961479,0.014445449856395065,-0.7524359526119162,-1.865757735100667,1.5501991425921129,A,0
0.6742999028694736,-1.7557578951116601,-1.005731126260309,0.21590387052622748,-1.53152184534364,-0.0007248982102419088,C,0
-0.7628301431126261,0.062486768781512506,-0.18176140476061975,-0.018947772060288526,-1.6642151337859148,0.44915785935997377,A,1
-0.43683152305118245,,-0.5341632018583969,0.6789203254424966,-0.6332204116481942,-1.1180272422415145,C,0
-1.4559992844587486,-1.2486186366041756,1.2689272793460153,-0.6823631201912521,2.079719428726335,0.9648794100059442,A,1
-1.9246687801460234,-1.1402719901983338,-0.12933501796398938,0.6273999269690751,2.8499074992037823,0.08944449351254657,A,1
-0.9839889146421378,,-0.09943354950655392,0.12506811426048553,1.7412918749220616,0.4674791115671987,A,1
-0.7711347454671795,-0.159325635883603,0.9398712628017485,-1.774231291335763,-0.8962999216013625,-1.6660103776987514,B,0
-0.0593961414868196,-1.9067968481021096,-1.1836461015320512,1.4106575333080411,0.20665209132070528,-5.010856932366459,B,1
0.5948941001385525,0.8827587194197523,-0.6859927261348984,2.093348260558523,0.40465259331797854,2.226078993762904,C,0
0.8500470950181568,1.269044485001615,-1.0830443468156397,-0.2876937887348491,-0.4742997073692633,1.4935513561704572,B,0
0.8835861160500784,-0.3754112381606442,-2.688123018956084,-0.25692903231811687,-2.182922297874307,-1.968595875310207,B,1
1.9637958999175544,-0.2990149724967757,0.8536408566719376,-0.34178257132284867,-1.9914344234891685,0.6120062140561522,B,0
1.2847761756764267,0.875493636952676,-2.614319395105606,-0.08156475929217741,-1.278914108017358,1.0125523437257375,C,0
0.9101333579269937,-0.3500700745781995,-1.046292401076603,0.7711654068279218,0.2808764764234044,-1.3216620700916633,B,0
-0.8762938908351147,-0.8462793574090668,-1.8607718264402586,-1.702824107137624,0.7683624355672691,-0.2847517001247998,A,0
-1.2242566596923843,1.2344117318777024,0.4515650632765986,1.0071019746210985,0.8883479055998127,-2.1040898275546027,B,1
2.400095234105719,0.9824068993586624,-2.3595136242570476,-0.32447138116009977,-1.7086777935456294,0.9752299362587917,C,1
-2.8928757553804294,0.9756526387881056,0.07916579210923269,-0.2081237357102924,3.4290149855976813,-0.1889972989479629,A,1
-0.8772149171171854,-0.22231949387770866,-1.3057852953595652,0.58807922912916,-2.322615411088906,-1.0580880302760756,C,0
0.07323977115926339,-1.1329107661929707,-0.8338038830263312,-0.7520187666669298,1.7650571035654958,-0.23959729382863948,B,0
-1.0015099760238946,-0.026297780838020472,-0.045107114924112346,1.465525659221926,3.309246472905107,-2.877767529701993,B,0
-0.5943638070417128,-0.7360439787689698,0.5664500771769077,-1.1499657806131114,-2.090146286780427,-0.4699863387419596,A,1
3.653237234193653,0.7874647932378562,0.8210787452911315,-1.4135702258084124,0.9193224437472547,-0.4594563390582759,C,1
0.5364094610543153,-0.9370792498165749,-1.278909289277952,1.1678665432740671,-0.08090252249601526,-0.33768476444341555,A,0
1.0564045830435556,1.1384164263603764,-0.5457505396850302,0.8227606208291642,-1.960670133643563,-0.08968931774499289,A,0
-1.6117127210738853,-0.4612910220397099,1.6080987917116416,0.5555962115716703,1.5941623342055773,1.0646125281950038,B,1
-1.0386756277957354,-0.624475842875102,-2.4786644852597863,1.1794126130883877,-1.168503428592745,-2.0751248023551025,B,1
0.2903196412033521,-0.2895132244096125,-1.9945576782121508,-0.673315525638562,-1.2075893189501592,-1.039490436365078,B,1
-0.3232663050779486,-0.3613278533637633,1.6045832751194373,0.1369456086377695,-0.08455725750123388,1.5573060651178727,A,1
0.41975894600885055,-1.1294362136114202,-0.2733641967322773,2.0048781865410765,-0.23845869951469767,1.0659362063770774,A,1
0.27692126450977606,-0.5481585621113527,-0.2697236522014307,-0.05219213357807115,0.9326971445670498,2.5846552877153846,A,0
0.8046983041839596,-0.12044437174849125,-1.4330189953977437,0.044072823293391024,-1.471247481672305,-1.8966644491253475,B,1
0.22979388618508745,-0.11350360945569458,-0.06574022710390048,0.3348861391212628,0.7535682084295279,2.3006408567537244,B,0
-0.7856857290410002,-0.6671026247706618,-1.232866248337285,-0.20850887754553976,-0.9394627922876535,-1.1759037101904113,B,0
0.7018926075595686,0.1245948089159766,-1.2866323392690688,0.5852400642918156,-0.10778129227838029,-0.10381768705764416,B,0
-2.585638946215031,1.1218196402730196,-0.6251438464666801,-0.5003921395843934,-1.8869887181668954,-2.1688040104172854,C,0
-1.4496638155341506,0.14266061515605089,-0.9678687014818549,-1.9286624192556714,-2.512419124556353,-1.5889511147929323,B,0
-1.6878340056853152,1.1992896030668616,2.337896173358362,1.347742450087041,1.3020490229854458,1.4016445641199813,B,1
1.1514624143711452,0.35423473452920795,-1.1139955107539659,0.23973467264144868,-1.7639687778798852,0.21387759823346653,B,0
-1.2295984394401671,-0.5669554242878057,2.327222725328416,0.5970645857540593,1.5436747391943106,1.5834437175282137,B,1
0.13555879877809185,0.4620758159981403,-0.3096139945277159,-0.4732462222773946,0.29252239527247026,1.6323850795025376,B,0
1.3665987826568646,0.23631006259492324,-2.328083727309477,0.10256884467450991,-1.3457066892629226,-1.7418574622399392,A,1
-1.419479676313428,-1.0971161069881445,0.7546506075306617,1.346938862105636,1.5213371150117045,0.7147691028853815,A,1
-2.0569915477116933,0.8115652197075236,1.0782904285761394,-0.8212758200383194,1.1447049699646727,0.6098851914158694,C,1
0.1905062062453684,1.2360920112178666,-1.1050349548356144,-1.2889545424872684,2.7630373327995263,0.47304806027428015,B,1
-1.2245653673861177,-1.517082674365944,0.4432049402720476,0.2256850727399708,-0.8269980117176001,0.5866915391365697,B,1
-1.2474953761856147,0.5517929541353122,-0.38612703345798227,-0.4359012098304902,-1.32319582069839,-3.518547781040249,A,0
-1.1545168172504456,0.026650435217674493,-0.636707305311365,0.6848963099417139,-1.5737910939832362,-2.571281472348103,B,1
0.8275466167013743,-0.12986832674727902,-0.604630561229965,-0.37954953476767633,-0.009566345780805063,1.910418973514558,B,0
0.03538559270100561,0.006550486825843705,0.12120849718129545,0.1312452357985505,-0.9500472459445821,-3.063803047448409,,0
0.5731693591415532,0.7722121711046261,-1.1328286013828148,0.5301816954033818,-0.5236369293327636,1.237494722614188,B,0
-2.0901163473870747,0.868652241262221,1.965357993245747,1.846675362544994,1.353169219525068,1.0424334548966177,B,1
1.34727581361296,-1.2234580325065645,0.7825607560797405,-1.7171984598926184,-0.3519766205798279,1.8961085669824982,C,0
0.7091548236613212,0.5959848017194124,0.4575897083938718,0.312010512606716,-0.4414309615719709,-1.242808988098181,B,1
1.4075540582378057,-1.0352281101954202,-1.4772808569978706,0.901976107358018,-1.8627794660264083,0.4265129936620382,C,0
2.555195850964404,-0.5444963544196869,-2.2691047982979633,-0.8301555549776823,-0.23513471717910384,0.14532790441017007,C,1
1.2936210997451,-0.6359599207000249,-3.0235626911711226,-0.6270469063322778,-2.299142684537199,-2.7352906489827102,B,1
-2.6704210243419926,-0.15936408659527515,1.7364031319781756,-0.9142805840070702,2.1646860880363517,0.7048825372458722,C,1
0.029476777721829883,1.338579643717697,-1.957614568174809,-1.7601611482266741,-1.2454935613959814,0.5578606548968106,A,0
-0.9810117687339502,-1.0610366732321852,-0.37102154537298615,1.2615837655217357,3.8254154196776065,0.37851620463957636,C,1
-1.0756959781848507,1.0177150497236889,-3.541072565244541,-2.3496242520267705,-0.7343494903009569,0.7709826404799327,C,0
0.9427098890099874,-1.2405358292037367,-1.3725982406395985,-0.08359187008487538,-1.4130306986204806,0.21407094147309658,B,0
1.4730480927180742,0.014763381053155599,0.1665068146579507,0.3260329962089863,-0.5555817522088669,0.7189881862578293,C,1
-0.42859708331590696,0.25171229810666806,-0.81367703611197,-1.0964600881696749,-2.4467281763065394,-1.2289038557040217,B,0
-1.7794649769842434,0.45243703869094304,1.7412520027545448,-0.579326811887211,-1.7468171043580107,1.001415893059351,A,1
0.6330669650270428,0.8246419535997122,2.6249432981623366,0.824891928482835,-1.6372240502346722,2.4368706289948605,C,1
0.2719160456729923,1.5654103898262526,-1.4002671958882906,-0.9035526085616354,0.20742449749442837,1.785810369553939,A,0
-0.314053391887537,0.5622150368983928,1.3614905912874375,0.609641932500437,0.9630012945713632,1.4632816481474344,A,1
-0.045816191111467175,-0.09686483649680891,-1.925491861074077,0.5731285995706505,-1.8175242131517075,0.5138309396538392,B,0
2.5921218612634505,-2.001014482393543,-0.9823065515797552,0.8438751932339243,-0.6521323650597767,-1.0848779691599097,C,1
-1.2963743507482017,-0.9048045998011969,0.33808967187177674,-0.16557061728196196,0.670933828903999,-1.5483578117698693,B,0
0.24603450363665402,-2.3443625072553944,1.3933355024856073,0.8706774749741808,1.8566559359784935,1.727051409782228,B,1
-1.73068112780143,0.42766971975535517,-1.5048125334746487,-0.5651209273824989,-0.35797626686570116,0.1266101947929852,A,0
1.68461331272903,-0.28502151069124415,-1.981788194634892,1.58817225479641,-2.458954189950282,-1.13629575588055,A,1
-0.9807035412422941,0.8475249529597111,2.5897478647763834,0.7965014428261247,-1.1836801090604823,1.7661920682651937,A,1
-1.1774906343485338,0.6161760850043867,-0.6357257730048635,0.5565780220755778,-2.690539092934868,-0.9858176295247608,A,0
2.179275373709575,,-0.036024956434990374,-0.7201850802091617,-3.010982595657362,-0.27911036433040803,C,0
-3.2563833934044,-1.3381350901089808,-0.44505148425265706,-0.43850961372976194,-2.7920044773455777,-1.6624099713221265,C,0
1.8605793653427551,-0.6862264298114726,-0.22225486035279507,-0.6221238348293184,-2.6199885638274045,-0.12557069451495817,C,0
-2.143744437327022,-1.9237380701425477,1.5823968646299988,-1.2421720273924683,-0.886024671397051,0.7800258852787098,A,1
-0.7450668203410238,-0.18810703172192636,-0.22707741042564078,0.41928087791017143,-0.4264928870632274,0.4591124714492465,A,1
-0.2827988535672804,0.4015467249411632,1.1710261789834555,0.8488999155344382,-0.03445652664390475,1.3587941951153628,A,1
-0.13899763325679126,0.45048392475152016,0.4264531639946113,-1.197647518183433,2.8693195096262984,1.1080799057818778,B,1
-1.0167947923134946,-0.24738378738048478,3.7200676163819986,2.4772437422875146,-0.4799268814952269,2.3299378624783262,B,1
0.049064867866670636,1.8180408785389746,-1.8730854999415094,0.09847031405108503,-2.153811391182356,-4.131687675689923,B,1
0.38701914625716227,0.061161263568974264,-1.7353453579502842,-0.45395943232101493,-0.5080520190609286,1.0715788646211954,A,0
1.070324247648341,0.2606021305974421,-0.31490487590044036,-0.4069232623351696,-0.06822844954193819,2.112146391061743,C,0
4.053921556308744,1.8766514318920682,-0.3057288600872551,-1.230971286197999,-1.1008838441250048,0.13419836557939346,A,1
-2.5334945283798227,-0.0506240990225897,-0.1671478764012585,1.0552114649056592,-1.5341362363810553,-1.915555616687735,A,0
0.7651951207887957,-1.0042716780133196,-1.891947839615947,-0.02662095230013256,-0.8081337336272117,-2.965966530743284,C,1
1.338261406764658,-2.594627883245342,-2.4186394968278657,-0.0930565178316886,-1.5515436417597455,-2.512292781294118,C,1
-1.4910909908890777,-0.5407495649382028,1.6272634891554218,-0.730337234011888,0.6859906355522957,1.1073853906582523,A,1
-0.9211340170587274,-1.6971792700146355,2.089890670076389,-0.22111596447370263,-1.4506141339243892,1.531837608084834,B,1
-1.8198408178902725,-0.40859000560395003,0.7534431163577744,-1.0575223808934693,-0.5794918294430149,0.15739775344084528,C,1
1.1288423536809093,1.1013338615085988,-1.1948395694255591,0.3744561935419611,-0.842262398872246,0.39638442427965837,C,1
-0.3557283891128745,0.11931163387079047,1.7171111099751557,0.21737212669430983,0.19707290413287304,1.611050463744233,C,1
-0.11312388788177397,1.935430282703556,-1.0577424427730062,-0.8844330597014215,-0.24384029157500242,0.6977461463437711,B,0
-0.363090619575583,-1.6433429096396621,0.5254054117410221,0.08393249705408284,3.2154908876482984,1.0691386848584252,B,1
-0.78622632520474,0.28171788512867446,0.11328928740486721,0.06014197592719535,1.2449158184434679,0.6484316078611221,C,1
0.7695924447454616,-0.9559980650764976,-1.1086121122176955,-0.7928621069366469,-2.8712820018980763,-0.870387899759639,A,0
1.1143095160917251,-1.2175467917559961,-1.6686909308667466,1.1847870138161265,-2.429230350288213,-0.47586102373527916,A,0
0.06450042232916076,0.5016104059359106,-2.3916117193308475,-0.7077903072532995,-2.450822436317474,-0.5658183070684406,B,0
2.782071952314482,-0.5465489503357635,0.40755858280414325,0.6221382731109802,-0.7581727126069042,1.4548221192906672,C,1
0.14045683832566047,0.7505184841575534,-2.360873643384574,-1.5071280229151514,-0.2700479518124451,1.0506982217582996,A,0
-0.8531516599111376,-0.42194228568745107,1.6294327017245713,-0.8917562451910804,2.3919376659037317,1.4029580748128092,B,1
0.8827536004584797,,-0.9773523280037266,-0.3354599969095467,-0.6581378317353346,1.2170778784421032,B,0
-1.4532185468917904,-0.7860134818590742,-1.2769587841800512,0.8485508917148106,-1.8890263186995278,-0.6540924710197871,B,0
-1.1495366039849877,-0.8660887572058659,1.1541425858475276,-1.197882891911156,-0.6078311255949314,0.989300574760328,C,1
1.0248257877384543,-1.524726148616724,-0.3622606097173321,0.13520688557195334,-0.060974697264327804,-1.940005034961906,A,1
-1.6556944480714493,0.2685179158608715,-1.6797397081270966,-0.29606799523872984,-2.100285691829175,0.5235907331998717,C,0
-1.7980737291513527,2.6462309232645147,-1.1846004133838028,1.2421824536935697,2.4482231326670743,-0.40256620099703877,B,1
-2.054593578458298,0.971344228736389,-0.524559045111693,-0.14788360602365075,2.514127787920292,-0.16767790920517656,C,1
-2.5953354655359258,3.418612179369151,1.3356452448441802,-1.552048455889833,1.1676937915796795,0.5151720560777104,B,1
1.0247039171827952,0.06455840954905381,-0.7280202791498676,1.2063273037260298,-1.4944201883800874,-1.06741922476068,A,1
1.1430763459995243,-0.7678376186746914,-0.7117828173381249,-1.4572079108010887,0.4553271108637251,2.862865207962466,C,0
-0.8029080315446113,2.7345769092569716,-0.17766978967760771,-0.8728805188430306,-0.27432831341968356,-2.3034770402792177,C,1
-1.1136708132985542,-0.9104825894324762,0.7647237452145843,2.047000656773481,-0.8106129368624342,0.7954728641294082,A,1
0.76139181599405,-0.8480307629579548,1.2536798483395915,0.9680204548947341,-0.07094227716071977,0.26023395605826116,C,1
1.5344899301573665,-1.3212487006163607,0.28203946323287776,0.35975809370219697,-1.1449026209077582,1.2063896118073794,C,0
-2.834138743368693,0.9206307145835154,-0.7314575192254954,1.2278443151364533,-3.305141543512167,-1.053906212516029,B,0
0.7676563941019319,-1.5511414774816619,-0.9223061323513049,1.4118422420178496,0.4599125363209089,-1.9531725648822984,C,1
-0.48157451482168123,-0.516532501959888,-1.869079993596597,0.6986545055665745,0.031086614681873792,0.8808456893348879,B,0
1.8015395391051188,-0.4641226614119529,0.4568621474357908,-2.0705685118303014,-0.8316443313596187,0.17908903869338233,B,1
-1.4915254069926078,-0.7959493632411998,0.8119934286085202,-0.799386217709929,-1.0045722666425898,-2.9603511351852565,A,1
-2.023819853981988,-0.8434410766567246,-0.39748418287130904,0.8436944163526539,0.40368494810838396,-2.702308643118622,C,0
1.0870058671294107,-0.879796345370419,-1.1383307225706196,0.17968349257726401,-0.5636772488327766,1.5343647384357468,A,0
-0.02633663363133132,-0.33624942774020056,-1.0510130533402953,0.5774409994193697,-0.8767122136979818,-2.331360128555815,C,1
-1.261935111442321,2.2951606720535165,0.07142608815535034,-0.12267804375961402,0.8356262482903691,0.423104682965025,B,1
-1.688002768236482,-0.17144402447702742,0.044436871618083185,-0.9653405395267184,-0.8441737748845426,-4.748751127263896,B,1
0.9667084750851785,-0.9636840841924128,-2.820052060318994,0.17456614834336054,-1.9143384633924128,-0.04107799373097176,A,0
1.3099948319778647,-0.5830117488090282,-0.07620782142236471,-0.8677387031412905,-0.6812910533455094,1.6525726663627602,C,0
-0.07545376555340122,0.7978311945292873,-3.002549587393648,1.1872400241081305,-0.4193000595496321,2.2161301084618525,A,0
0.11367981415538342,1.1016055076441693,-0.2517562494025376,-0.4382849323427648,2.5545474763457934,0.8605410469647328,B,1
-1.8318299417649022,-1.0883097523632688,-0.5384914348727426,-0.8320835769144672,-3.0972873368859704,-1.1677192749286265,C,0
1.4763775981922984,1.7893769437158207,0.23929700637207807,0.7839645739162421,-1.341979245754649,0.9923835413272415,C,0
-0.06768179610925706,-0.30845279301217504,-2.001230781952448,1.0929995019841248,-1.8727724652569409,-0.93590790094427,C,1
-1.2224220415114562,0.5072249825377644,1.6178325579790591,0.9017122171922952,-0.468012139592199,1.1941034995034423,C,1
-0.9262583027758753,0.5712214874595752,-0.5396921325005187,2.3002209736285923,0.055031000391382756,-3.184145693637627,B,1
-1.6377377439214937,0.4831291836907971,-0.19118330822495289,-0.14423795993705493,-0.298882738312487,-2.0655978157898964,A,0
0.7807326947045387,0.6984130460742702,-0.20205545611725828,0.29144237107884047,-0.4261235892268824,-2.0658264076428114,C,1
-2.426149942113958,-0.073310193255993,-0.1430553859605016,-0.2817609171674001,-0.8078078906008411,-2.4429049706702193,C,1
-1.756247135746643,-0.237514167789116,-1.8373380955239291,-0.18192715755537942,0.014165429045032374,-0.7594864775675614,C,1
-0.6392465753676452,-0.30817850065671926,1.7524574411821552,0.36990370021433905,-0.6519801009150283,1.4897438090498876,B,1
-1.1593494960811215,-0.5156173303222645,0.9299415539695481,0.1866769240975898,1.398976956709442,-4.113479938544214,A,0
2.082471811985512,0.5796934640365691,-3.050067432553076,0.28525961200890143,-2.2021855434070665,-0.6086353866176148,B,1
-0.15002254144289862,1.207366127913661,0.7847278630277195,0.615444686808514,-0.9630994713163082,-1.6065195859396457,B,1
0.25366492483681935,0.11972384999718048,-2.2545205644840407,0.779184760641414,-0.34069780932439075,1.054391943724689,C,0
-2.51853360116965,-0.31316345299563064,0.5646246238492709,-2.920791044470754,1.0292092002192694,-2.671611170869236,B,0
-0.9599211805438317,0.14993581380900822,0.5167395244225743,0.4849488076014397,-2.1467123042575125,0.7091338675094174,A,1
0.1962925131321086,-1.5274387469110193,-0.9663689262504507,-1.50357314958227,-0.11451763392346204,1.1984806730891095,A,0
-2.2892868843776446,0.20206047867663207,1.3868635683544395,-0.45956811175094175,-0.9259568821058466,-3.9374568064539317,C,0
-2.079215317604547,-0.961722277891131,0.4567124159498197,0.3083264827395619,0.9127174529531243,0.2785535213185575,C,1
0.5978596123615161,0.08697540992177587,0.5758780783332952,-0.2179945909307258,1.1381298780227689,1.45252186784165,A,1
-0.16370490940929694,0.6895896859763107,1.4005194935724332,0.32263139962559345,-0.6042876539921622,1.5059061112469012,B,1
-0.6993368076195583,-1.3363251865158075,-0.9986483245967741,-1.0754067921138424,0.5925564027010028,-2.030762635765038,B,0
-1.04860081358949,-0.22238822782789122,-0.9022501753225609,-1.3043326181804393,0.722169371435811,0.019913381324258794,B,1
0.1457272832166674,2.726826794661975,-2.0954403371377106,-1.2214412862966095,1.2826773636604687,-0.08424824935343755,C,1
0.37525132896046376,0.0538004366752915,-2.079487157309411,0.46090899769202065,-2.272676526676737,-1.0032863088629678,A,0
-1.5719685061662068,0.4615323363006494,0.7749134384076162,-0.294532438493812,-0.9073424301886146,-3.1755469912687304,A,0
-2.3862679429427884,1.8351431917235,-0.6926989794769054,-0.5062732671712169,1.0144739261449507,-2.1396111410838814,A,0
0.5376092669590127,-0.33131517862992743,-1.7695834139248978,0.3944218789448945,0.9128879657712845,0.23629729416199363,A,1
-1.4105822493104039,-0.8640401953590359,-0.6022057574086109,-0.5815464122871503,1.5033076498998597,-2.1780174793592595,C,0
-0.9205636871054894,0.8565947867266063,-2.1005262799375464,-0.42383871390083916,-0.2870737612230928,-2.554071290183108,C,1
0.22552441845383975,-0.5525435283433527,-0.21780736559550173,0.15219978131607995,-0.4984931103611264,0.7175367949217818,A,0
0.9420527887991443,0.6773191465991114,-0.883049649091749,0.25070977785741705,-1.2234620628686113,0.7441164839889501,B,0
-0.11922024534791431,1.1286728269732687,0.00011084087526558317,-0.8918487127277137,1.5453859798705407,0.8701904205363684,A,1
0.7812936761176112,0.24497319025042177,-1.4252953810797564,0.07100961024848038,-0.4025740535576411,-2.3262609352127477,A,1
4.170854420102552,-0.6125011581024072,-1.7251106596855659,0.922745618797659,-1.535219822168699,-1.6105113363384098,A,1
1.0938467437416686,,-2.536255846729501,-0.6022053597176105,-2.1622762793300514,-2.4764975904982487,A,1
-2.006485763381297,-0.2074636885329212,-2.116647730106311,0.10006154326703168,-2.0192185321011697,-0.7758039464021803,B,0
-0.9811164065723275,-1.813119855480241,-1.320566829175566,-1.2692947461725668,-2.7891268115387122,0.4846876977763641,C,0
2.0758430259237235,0.898331116178841,-0.4249701188985474,1.1369357065545949,-2.7776976901949486,-0.07287323008941748,B,0
-1.9466601140099318,-1.0274566910906195,-1.2250423467925537,0.8491132956064091,-1.8904097493935474,-1.4943740852564744,C,0
-0.9710665054268743,-0.03366374414245942,0.8643516749713656,-1.3559458378791254,0.5867896717802332,0.9361532684799798,B,1
-0.5142790440016283,-0.9057297127104649,-2.6729798117150416,0.32545272489468396,-3.495596197908809,1.7461297182802649,A,0
0.5377581427055101,-1.3478149460094058,0.1360327695197201,-0.6595315844493616,0.4963506219132694,2.1960636972697967,A,0
-1.371611341159558,0.44800699965400265,0.3144539042158059,0.6038605988337657,1.5094429682301285,0.507465992667476,A,1
1.310471366520791,1.039982025278316,-0.4239407197769639,-0.7072082400243318,-0.9791407255753836,1.245152553257939,A,0
-0.04061049302905584,-0.2989532779561789,0.7220969325869353,-0.8776887790858413,1.6208688798543316,1.2707821991915726,C,1
1.2251902701462425,0.7340552050032695,1.0085413300168642,-0.009619078495352693,0.1739796597028318,2.4722060650094972,C,0
-0.6251945854972951,-0.3698324416812218,-2.0794790606702906,0.23565075019251305,-1.7388366513142834,-3.8055024847279135,C,1
1.0963936627915547,1.9481682340257063,-0.8712680996554332,0.166054370535673,-1.9716349764787895,0.08335449448037424,B,0
-0.27094956899588907,-1.0582975678755528,-0.4462862229886909,-0.5261633029668299,0.5564552169676069,-2.4166776792198377,B,0
0.7741231610884007,-0.5143763870830352,0.6801744620135759,-0.03541684460638973,1.0401785422782606,-2.000848095611074,B,1
2.5874191062973257,0.7799333585659247,-2.4112660569186843,-1.0975891111051743,-1.1572224734251366,1.2224807695220745,B,1
1.0410072751766901,0.10626613916957081,-0.11392868364618891,0.7731183560816816,-0.19558306589849606,1.9459138558244269,C,0
0.8302792561361629,0.12378704677830345,0.7356325733166236,0.10434723180118151,-0.5109286399938306,-2.0109227883725476,C,1
0.7601643599046585,0.8889568628671666,0.037101620053783924,-0.5504139871647304,-0.38281617046740435,-1.605454712365547,C,1
0.6610519939622957,0.22890477595057462,-3.228888617292401,-0.7480126838384021,-1.7427174220038242,-3.0003811942355467,B,1
-2.691411078028538,-0.5652875256139867,1.4131004246078183,0.3112048124448666,2.721510547224355,0.5413258730760867,A,1
-1.015344464697521,-0.738965393222715,2.1643830328036477,-0.9175398112397336,2.1082211020282937,1.6039304704920212,C,0
-0.901690127561639,-1.8920373071632526,-1.7870385597372045,0.30110880711871535,-1.4085846345538724,0.1219875560078647,B,0
1.2996368612174258,-2.391147489849537,0.760836704341683,1.6962303425235743,-1.2726403539077804,0.8814635005306483,C,0
1.4704827551721926,0.771253224322237,-2.7619141928204534,1.5000356852893098,-2.900171065409584,-0.7322775976344904,B,0
0.7813519388989407,-0.09440019754420159,0.6134621620501346,0.319609295191329,2.4543024288405393,1.5686490751892115,C,1
0.6595353019890855,-0.2400363160006567,-2.4649751540137106,-2.6034231585713883,0.7677033424802118,-0.0686646215014235,B,1
-1.0172909129292032,-0.6366987639755308,-2.919605208274958,0.7771558744368304,1.1640366271064027,0.35746047414806337,C,0
-0.9705895045161501,-0.2566653263615209,0.7083036647475476,-0.44768283258044117,0.7743227848585197,-2.469901968317328,C,0
-2.129361191374702,-1.3584450186297274,3.407807883375476,-1.4716693438749684,-1.1595438669020934,1.6979003891176325,A,1
1.7898813810839604,-0.2333916146084519,-1.4127235067283324,0.29270982604947476,-1.3868191632139268,-0.8599974776365565,B,1
-0.29471364397028577,-0.6458557997054618,0.46788051240604345,-1.2097327062871106,-0.16001147816558048,-0.506028252629197,B,1
0.027689680924035898,-1.2539385412336719,-2.2640666919857653,0.37745170875907624,-0.6115691820144015,-1.0467095373234978,C,1
1.2832791962190586,0.6859056264622684,-0.9411605895177133,-0.5993464151891469,-1.6863394621010133,0.4342074335657089,C,0
-0.6150732985974686,-1.1867466055116207,-0.16461725098339042,0.6440536285562206,1.0999341642767555,-2.230585438872202,C,0
1.2559904413227994,0.6266736121033404,-2.3161397663532703,1.0750316059832044,-1.7393704157790246,0.48376095602024705,B,0
2.5520263461271053,0.5154171989255275,2.516417456248062,0.3259326728034488,-3.332793941241568,-0.2782594905233404,B,0
2.786770615093163,-0.8072542474115357,1.96073080202031,-1.515329980566093,-2.8234811280199965,0.45569246070092817,B,0
-2.4268148902022846,-1.468070012588653,-0.22607830802444473,-0.14959563740675802,-0.8270741833041994,-2.1715838781702144,C,0
-0.9061671243186388,0.5131052391066513,-2.8066390813329836,2.237963017824218,-0.5360365321484633,1.3990122639068736,A,0
0.9630309625826224,-0.1257623105546905,-1.9680075635263807,-2.115820571039862,-1.3648342501064303,-0.5722599057039147,,1
0.3890976458854246,0.6097289781453896,-0.97372181257227,0.3206397781871704,-2.6319858262147227,1.9475980278714817,A,1
-0.8710673249481213,-1.1650537473516742,-0.322968604403174,0.6104896040921954,-1.2203850223636745,-1.7376267639792402,C,1
-1.146318781744925,0.5448750596895889,-1.990680360577615,2.142850123724857,-1.7384025322190233,1.4718185025239072,B,0
-0.9867199372013757,0.6629790380950215,2.1038116728768834,2.182544867643047,0.3844014441751531,1.5520763731410803,B,1
-2.183711654811555,0.10304061448602145,-0.955428879092021,0.5910487048493498,-1.2194779210822164,-1.2714097592078613,B,0
0.6143269774563538,-0.9702821089489476,-2.116921490288749,-1.305745257878444,-1.7717235719079518,0.7267874478249172,B,0
0.3247679922702702,-0.7863759768653558,-2.1804750985265726,0.25788873796125356,-0.8410782397948166,0.4559040093210417,C,0
-0.9111606212573022,0.06546005018976687,-0.7479552301929695,1.5982960475035037,-2.193296621787729,-1.4759035773254336,B,0
0.558151611326805,-0.5689051689558869,-1.0607661227014724,-1.4570097790857095,-1.578767818632552,-0.6478673106676831,B,1
0.62917586165901,0.6956530189263713,-0.04223887850205421,-0.9190117539910813,-0.47274949846629544,-2.2764708961854585,A,1
-0.46675083875078616,-0.5858148596693159,-1.1753401049727379,1.6257086938472234,-0.7659351666108052,-0.9060210208112827,,1
0.3997998630886932,0.9036959089026498,-0.6163215391506514,-0.4774033283482629,-0.15724092699289272,0.7429843522919235,B,1
1.670294460378538,-0.5411770681674767,0.05958440852949276,1.1743560145148682,-0.05076766009812439,-1.9361970608392216,C,1
-0.2015427117301175,-0.8246355639038595,-3.5986964981449883,-2.1023411109523527,-4.753199825308384,2.6865546570553467,C,0
-1.5951839839047626,-0.38677722286961336,0.92245936092986,0.7256632666556462,0.8551312480384212,0.7151460868439137,B,1
-0.05438815170437872,-0.41312111947630104,0.9206322131328069,0.14166302473927578,0.8438580037043326,-1.2221485214512628,B,1
-0.7802700930393601,-0.6205445498443833,-2.7341379032472433,0.8604791210675963,-4.136668940898714,0.4787588922477608,B,0
1.3057493963344544,0.6855742707408754,-0.372246044539868,-0.003824490752070924,-0.8398651243424426,1.4617192053753367,A,0
-1.6035219978145696,0.9995058957996843,1.0090286647615225,0.8733617316282667,1.2151923973464198,0.7590505416448426,A,1
-0.751876413783247,-0.3881499128390297,0.04743904417817091,0.9822908183814505,0.8170646473657818,0.6223238152681079,B,1
2.1936820263067047,-1.0967236506438414,-0.6399551912987121,-0.6719847514906764,-3.5957936550759957,-0.860599597691766,A,0
-0.08105540291872126,0.8692983618116507,-1.8527807906749019,-0.9299341539026584,-0.8048316012234009,0.6869308627673993,A,0
0.17070478721196625,0.9731488303428876,-1.9378833495176782,0.09561639472902424,-1.5521701835642658,-0.16725106065415707,A,1
1.5508093573448547,0.8816203644170655,0.744941484194704,-0.2511168594020743,-1.9664184405616643,0.33214732455601637,A,0
-2.524939528235236,0.24553399820915026,-0.3379482867156308,-0.07689370543566068,0.049027680525449036,-3.1276896147787334,B,0
0.8895864673887087,0.8802476630499847,-2.818730059853423,0.1970384042920652,-0.8492846958485032,-3.4830916931029647,C,1
0.07292725794434851,-0.3512808023811943,1.2610369249183055,0.2297611284893485,0.25434702667820897,1.5596363269014435,C,1
-2.258334102864338,-0.16041911001635598,3.701093762672843,2.15395656604111,-0.2865399823212973,1.8150739598306949,B,1
0.17802375375589663,-0.011707933512501998,-1.5187590723463238,-0.8317762096959004,0.21984045917240524,1.57920098310445,B,0
-1.4105753675492128,-1.11306649104275,2.1660294555752153,-0.2085473706575893,-0.05640863784919148,1.402215858323557,A,1
-1.5745586255096278,-0.9384544985271531,2.787582860972256,0.18015863495359583,-2.3480221457445527,1.5954606226733326,A,1
-0.9224316331951403,0.4646325117996052,-0.6167857264565851,-0.07042209827937072,-0.6756187274836869,-3.4430970896838513,B,1
1.1782139375565546,1.0843836312608062,-1.5517452871292974,-0.38661601366278875,-1.5816081241826305,0.5734808008010874,B,0
-0.600649776121987,-0.5134591613561721,-0.2782862633637839,-0.8615933958867462,2.52976217464235,-1.8299675418550299,A,0
3.202188906850769,0.48622143226266723,-2.4475095130140803,2.5283802744468766,-1.2143426843073364,-0.31817507710100656,B,1
1.9815088189728396,-0.2612815178863674,-0.06436448466542233,0.24980626003136988,-1.6881299845320592,1.1792328866999378,A,0
-1.636861936432237,0.5525423170647159,1.768085301356404,-2.7014603868142175,1.8294191603835317,1.1344754699199897,A,1
-2.0029710496703474,1.1358569449791076,2.3806780338392475,1.7815351312176446,1.899947483342602,1.3044393330304445,C,1
-0.45952868559237736,0.1512855378204588,0.32075885494770606,0.6185767624235686,2.1175245536662377,0.9018127456300083,B,1
0.7818099089667546,-1.261408837003579,-0.31467301369309386,-1.4907074276490448,-0.21400396374560393,1.7038080098834885,B,0
0.3462041157325423,1.3331284326429917,-1.6443294630179661,-1.465932640440614,-0.006399566383154531,-0.40083729663100176,C,1
-0.391815495014734,0.481387826651823,-0.007116155573847371,-0.6842408334404285,0.2108374781021758,-2.5956138063674654,C,0
-0.3163718453219776,-0.02699299893816254,-0.9272349158806081,-0.7715865666002243,-0.057090305878205294,0.2938249931492216,C,1
-2.5273632021790826,1.4616338192045912,3.0703234418250154,-1.7609649266817167,0.7468864207085297,1.4083460917753439,B,1
-0.4518096400759368,1.4023944645124369,-3.234527627109632,-0.607490963423599,0.7039058978220303,1.5949914571361021,C,0
-1.119344617059557,-0.02295834687788487,-2.051813155141743,-0.18066647917904036,-0.43158546927261077,-0.7164419412250047,B,0
-2.118099048709313,-0.45263526521582387,-1.0398207306219116,0.17233600620362988,1.0613740993575673,0.3440102350616454,C,0
-1.1057145185298787,1.8580769095349603,1.6530470012311032,1.4934277498589466,2.278502210415063,1.3140776825748521,C,1
0.6661629048937967,0.24483920409995324,0.44269656531223345,1.275205736432445,-1.3814542565286205,-1.5700659060125002,B,1
1.2930851180520908,1.226519196251551,-2.058006380854115,1.7775448834776502,-1.4770974524173472,0.7562118349900463,C,0
-1.2300490993503086,2.4137361354642426,1.272162780305508,1.5170430859547954,1.5412983093676353,1.054749943791701,B,1
1.6966925545838403,1.6119443464363015,0.18291028606598747,0.15402381721942565,-1.799517638283879,0.7976457736804019,C,0
0.8560514844978563,-0.9232101885445456,-2.5947995461625477,1.0554477657020325,-1.1324736407561034,0.8103687987738595,A,0
0.5711483686497144,0.029526246281323235,-0.5425763859535639,1.0470345324467514,-0.615359479918841,-1.6967790140717405,C,1
-0.3702027524966216,0.09333123609108909,1.2093828328215768,-1.9309743418710403,0.8366775476577406,-4.873882778959834,B,0
1.370731423047636,0.36655754531179047,-1.5903033403040605,-0.3176086299825987,-1.9824658489369524,0.27357679624073195,C,0
0.16147058984665752,-0.0770499121260033,-3.0381400153744824,0.8874450191196289,-0.20250052409877506,1.1556394226790285,B,0
-1.9983737465857807,1.2946988476379528,1.0445244896353718,-1.1550452855052697,1.382576945389202,0.6212990946069091,C,1
-2.40984981938695,-2.0460323355173995,1.7207744485350087,1.028573723350865,-0.09757531482895199,0.76194072893831,A,1
1.6555308010148617,0.32685324775333385,-1.3564209501617726,0.7244117623482851,-0.951509013761163,-0.01432147704125486,A,1
2.338382015597391,0.3532781254462822,-1.43164640822163,-1.6483638004943475,-0.917464153609087,0.20431807566627125,B,1
-2.0598461458496677,-1.545944181894042,-2.5059485392153382,-0.4855018434855084,-0.5254262370922211,0.12219756062659703,C,0
1.8339369162545127,1.6167660748137074,-2.1873743287625933,-0.42509480806854383,-0.7834062807700407,1.4283065499735614,C,1
-3.5728442813861636,0.8338477024753906,0.8733481627638242,0.704118788347806,-1.8240693999528708,-3.827416795395352,B,0
0.7076538800502188,0.7174141132309082,-2.2440321791788387,-0.2622226950922595,-2.213135342674388,0.6446609498854641,B,0
0.8438222511561031,-0.3031518389766759,-1.8576300763270481,1.070037758934324,-2.6743221076003247,-1.195650095990393,,0
-0.26079854142342374,-0.3427330988726878,-0.8730602033049983,3.043329495499404,-0.003166255863456535,-0.571860436714424,C,1
0.5403586556289532,0.2327460285694461,-1.5783913576940547,1.343180444855398,-1.8419780480445391,-1.1351101094864198,B,1
-1.2542792123612907,0.08870330689620405,0.25729006128662957,1.0290032399781626,-0.8509815010376153,-2.6716420227115734,B,0
1.1390961035031089,1.1124620145821633,-0.8576019219202135,-0.7537890905962269,-0.4015173226817693,1.783812609784941,C,0
0.15944637072982537,-1.2491270572368116,-0.26979012090523813,-0.4227827206471184,0.021415898509099973,-2.411287027327993,A,1
2.389998129856045,-0.8413586966722307,-1.0727021927994267,-1.2306972258579494,-1.4301552466446763,1.7950151166622312,C,0
-0.05469438386908543,-1.2919946083388678,-2.23542608354391,0.5140654308189794,-0.6031407903131475,0.349473553443751,A,0
0.17017829230134507,0.25182301466203505,-2.5052627838029147,0.4880771525198963,1.2205379609410032,-0.2799714562119393,A,1
-0.4162767493563856,1.0550789262696476,0.3901529797369713,0.20743580478054022,1.184595934901266,0.9381144286443783,C,1
1.602895808315655,0.7341651020537682,0.17309571292135217,-1.610081244778869,-0.9397543543252375,1.6248198863929018,C,0
-2.188103066049022,-0.5773717702296879,-2.11929919703135,-0.31089768228551923,-0.7357154219727908,-0.3550560557086415,C,0
-0.568553944755861,-1.9123719909472114,-2.325480925380556,-0.39352952998403157,-0.7037025534178496,1.1575514544175785,C,0
0.17249316013425653,0.9958459252102989,-0.37859119557169474,-0.028840930679115643,-2.6373989855269233,-1.97436252789814,B,0
-2.4685219692153466,-0.1562857488874341,-1.1276523777210994,0.11374394228652511,-2.042029564420808,-1.6378305149326928,B,0
0.48631038106831426,-0.309909965304401,0.24389301627216575,0.6142554880940652,0.9699630557915806,1.2325835935853773,A,1
-2.881564387260168,0.007763016787422126,2.8701283175510195,-1.2343441295919917,0.6114858381683224,1.1602373468233436,A,1
0.5381739996826582,-0.48023991582664,-0.0021692223226934537,-0.19702972579909475,-0.3536768650286689,-2.117671920814522,A,1
0.7744496486291417,0.7692166928951395,-1.0549434998513454,-0.5167260428890207,0.2970846432009919,-0.9747295546045234,A,0
1.9656110668904723,0.6873434380801651,-1.7428765958289534,0.7794830508720325,-2.1334788227876507,-0.6323906281136911,B,1
0.4538451185546659,1.227297806792577,-1.408760125517449,0.3538538507783397,1.174029165529082,-0.9675810728893297,C,0
0.6997620454323936,2.681201551181571,-0.696469501276811,-0.38189999282621273,0.6523523883471198,-0.9454888185170299,C,0
-1.111171941022922,0.018963938165857435,0.6240357554974687,0.0394596762553654,2.6670522984894007,0.7975469961143974,B,1
1.9098249651608077,0.9595051706496425,0.2402433974135949,-0.9976885963648495,-0.624033171330771,2.3447792888187475,C,0
1.617926454942856,0.0754163929741979,-1.0843071562882751,-0.7665921046434079,-1.2430414781021817,-0.23980617687293826,C,1
2.1530307184456694,0.4696514862419057,-0.19358802160258903,-0.08509216035351526,-2.806323630851492,-0.0201899573084392,C,0
1.5373577580031057,1.2788759572530854,-0.19657062012308002,-2.049600643938853,-0.5431982638749818,-0.34597812045950327,B,1
-0.36233479713023553,-0.2901409028172282,0.5168859409656135,-0.1577681802896196,2.106683983004672,1.0469421541485122,A,1
1.4456258354868274,-0.8646997143676525,0.5384207926625477,-1.0938636399815336,-0.7830425057715553,1.7107371016621475,C,0
0.9765056613919003,0.016302817028111198,-2.6185014417863406,0.07811511165210468,-1.0644412669667196,-2.004484874592871,A,1
1.1288485321873751,0.15206743546911297,-1.219019589635764,-0.2542494115512923,-1.2791762877273107,0.8898341013393722,B,0
-2.774312420408752,-0.8079597835595426,-0.897855046606078,-1.8022823560052261,-1.1870805921937686,-1.3348695840788265,A,1
-0.08419909411683424,-1.4465974515697229,0.5196150646062885,-1.2789969358297757,1.0486643961627578,1.1386687585408517,C,1
1.3491144130054835,-0.3485479714593842,-0.9550752682998175,0.9964451638600007,-1.7546954538069934,-0.12129031318973116,B,1
-2.321608101843764,0.1692683579155731,2.6672358190110463,-0.7526058602659196,1.4421405290232374,-5.159275180466665,A,0
2.076277883556341,-1.1288853471999765,-2.133407497144696,1.1559496492006651,-0.4067117446019922,-0.6725682863645054,A,1
-0.8721114309674043,-1.0509903730970358,0.9670587918955095,1.5862245322100839,2.0828560814744623,1.0605921023672022,B,1
-0.3598630577450084,0.08457822011745625,-3.0810054715306645,0.07233899229547362,-1.1072189292991133,-1.441505951706159,B,1
-1.0992331265097839,0.18275717868582647,1.7808991711781599,1.2246489782521714,0.46655019951381127,1.3436503722309308,C,1
-1.0425385453415055,0.5619986520517943,1.261873989615642,-1.8219146792377747,-0.05592485531955349,1.0903943688126085,A,1
0.17632523339801554,1.898526853356068,-1.8708576580304943,0.10377052108075847,-0.5217648394870857,0.8334585047448864,C,0
-1.3753312119782126,-1.3766402320007247,-0.9662824635884845,1.702484719454923,-2.2441888281963474,-1.4327126826778531,B,0
-3.1678341990507928,-0.9560249627320482,0.15075564603195235,-2.1220760524198923,-3.838363077248065,-1.0376739938995783,C,0
-0.8643945902928798,-0.6449650528544839,1.0160333747318104,0.8685942458880155,2.326078449156791,1.0867815276665618,A,1
0.845534977553444,-0.3550585821315989,-2.001945153260646,0.6689861898515493,-1.7161096764034542,0.15806927780264612,A,0
0.3488304883550446,-0.2743021427964125,-0.871170727232464,-0.12759327630683778,-2.624551617083762,-1.126490045050165,A,0
0.13960046371495682,-2.102494821426145,-2.867414133702633,1.344934276077613,0.002375682628791731,1.7066369275032152,B,0
-1.0789333108921575,0.9184183045720634,0.7781323706299188,-1.3675537562510196,2.2441834665538303,0.8832249719928512,C,1
-1.4455286999310797,-0.607208869592864,1.887302798746075,-1.474160947789916,2.9531201499807267,1.3001961942055857,A,1
1.3118345189188296,0.5440799110952449,-0.7517572214160043,-0.29494980324740055,-0.772345899405923,1.584130945645617,B,0
1.5581643533610032,0.5104775188057998,-1.059700308668481,1.6539675407780416,-1.6288508860949462,0.8039552109708816,A,0
-0.592391976080478,-0.8404981867490057,0.5895062285578461,-0.4950200629834768,4.42391407265234,-3.012749910316227,C,0
-0.9874189336256007,0.23773625567986179,0.5869683173550349,-0.21054213957323978,-0.3458517008436742,-2.362510970769743,C,0
-0.9615228256593092,-0.031882893759377695,-0.4914905942948875,0.25270100894980774,-0.2331612902125222,0.24620744853433685,C,1
1.8150977142452407,-1.2450807879084775,-0.5878670146492606,0.46926780250363365,-1.7469092317872195,0.9269480704786414,C,0
1.0720159177261035,-0.49940568901083304,-0.850861488063212,-3.3652959198326364,-0.4220438139901739,1.8221903885639672,B,0
-1.6628275539763573,1.3447985487000405,-0.031101009309684846,-0.5674776914516717,1.3802387129397091,0.21338524656368774,C,1
2.5243093125368574,-0.8582579678533235,-1.196413582372086,0.14836719163637738,-1.1425466947299896,-1.382132600400853,A,1
-0.3694740347417381,-0.8197113279120857,-0.8954046622830034,-0.021951343835832218,2.017381569975742,0.3252893828177821,C,1
1.295503753849893,0.07206393354443412,-1.670056971800786,1.3469175028094484,-1.3425869098197871,0.94224283195809,,0
-1.5606670377668177,-1.070692541590525,-0.4204233320480314,-1.4028677927455118,-4.970808196359571,-1.7649074576559278,C,0
-1.4712529041072964,0.20716032081238026,-0.3444429070032743,0.9187537600366686,-0.31121924123732625,-1.7738199278269822,B,0
0.3780753133754664,-0.8578719997891853,0.3597146228687065,1.1246141112300143,1.6829004851007348,1.2596524036323864,C,1
1.576499534936426,0.49986760324139734,-1.8515506226824185,-0.7879205791003976,-0.6267887329786823,-1.8446918280381457,B,1
1.0109976930379772,-0.7584077913600672,-2.975978735969746,1.0992696504720718,-1.6543217347909471,0.3682301180989529,A,0
-3.4278640841163206,1.324831532022267,0.9776936151145583,0.5296429005018756,-1.4853015177566533,-3.3887985398192813,C,0
-3.150644806654348,0.7557920810559432,-0.6704689839184887,0.5242066107225059,-2.1853964832094572,-3.2581381361223656,A,0
2.573676327679379,-0.28276333516372315,0.13796349400591623,-0.27310538546557267,-2.2669595827924005,1.0326754432667564,A,0
-1.0911449721121396,0.9920777886626394,1.6307801686928736,-0.03843425973880079,-0.5514387319150778,1.2488039520068885,B,1
1.452633007905523,-0.754039246942765,-0.1268057273708083,-1.294297065089909,-0.8603469760887218,1.5433491466426714,A,0
1.2701894154985296,-1.7386906289791446,-3.7345991916925736,0.31588873670453355,-1.6115451687815598,2.5132925350006814,C,0
-1.233352790895828,0.4315996411481527,3.429751186624176,0.2986775415244125,2.458813054857325,2.1563263638470245,B,1
-0.27453943133255887,0.7632882631029175,-1.2012627779128016,-0.13824432932306044,-0.3427104444664776,-0.5399169439375946,A,1
-1.6008124865087021,0.6809697569455235,0.3722642119796541,0.20306135489634805,0.41135230852113625,0.42692736710030355,C,1
2.8402194194166404,1.7483368847847431,0.1878737022699264,-1.9714491586720106,0.14771169905980153,0.47826891597823606,B,1
0.4735013566367585,0.05112699413142872,-1.2757949414280567,-0.37677671285964215,-0.40745452218547407,1.0678257885966929,A,1
-0.7071318139457652,-1.0032242011017685,1.270707885548725,-1.5424665562167532,2.660310494632239,1.2893478452315859,C,1
-1.8510642354218012,,-1.3718613326800977,0.7727538578651568,-1.7359162005494553,1.0301523041824532,B,0
-0.4169283415191183,0.8727898392821549,-4.324458812660319,-0.8272642372752133,0.05111444653032193,0.9365071061829067,A,0
-0.505839593411777,0.28875965355206873,1.0217827945262858,0.210157047059954,2.0573408402348363,1.2390493370108144,C,1
-1.7688363054948462,0.32586059174931425,-2.3483510805243237,0.1899485012560573,0.10585152841109036,-0.03405150983195393,B,0
1.0902508343078634,0.593102095942694,-2.0276546683877665,1.0525931743720458,-2.8887327559134315,-1.0412459853771798,C,0
1.8182666211721026,-0.09230354814611413,0.6553152274181597,-0.4176806022902694,-1.5050982774806498,1.1550784280146018,C,0
1.6477956483755003,-0.04397407620387557,0.526648879639189,-0.8747115832093829,-1.4331574847381412,1.1107249008547893,,0
0.8268530688404006,0.6944495093469978,0.28611457860664946,-0.34340407070233453,-2.045995693903504,-0.48101492397871626,C,0
1.1138072570363116,0.7810794517497336,0.6988038122410796,-2.5348683153514404,0.16809438174622304,-0.5978913865322988,A,1
-0.6661047333495644,-0.3834944159195489,-0.22774130293645478,0.8979855477840717,-0.46181171984424285,-0.36606966920556117,A,1
1.3634357566984958,-0.14988985005231695,0.8439446119473013,-0.17848492700112717,-1.1615180703144077,1.0891493770589231,B,0
-1.2479201985451516,-1.3340813008248733,-2.5291820840050905,0.45331538731402415,-3.2023694967323717,1.2272910716629553,C,0
-1.091722251672389,-0.011532641194732055,-1.9290760988592366,-1.828762823155294,0.940237067731418,-1.553733281123645,B,0
2.6691311241833677,1.1812710322024496,0.942616245820896,0.12535905561789143,0.32693678919498814,-0.24346780256871958,B,1
1.473972645992048,1.2615151804712528,-2.739249971068198,0.9114026160993628,-2.846646293784821,-0.49107056148371486,C,1
-0.04448974578880038,-0.004242021809038916,0.24000895522241783,0.757724135721207,-0.8861723800394105,-3.2206803843301866,C,0
0.7926958775065471,0.33024588351793344,-2.1416476217656752,-0.32498610301832603,-0.383323408100977,-0.7152696665410401,,1
1.162579821038156,1.5790625462336425,-0.6815647177667841,-1.278486106946232,-1.796672694630792,0.2816468057593028,A,0
1.9687983563318407,-0.9286121331689943,1.276280659706039,-0.6288531865427839,-1.6164061945205797,1.1369087712237846,C,0
-1.4777637606485348,0.9822712353716161,1.5086522196985355,-0.004471669429406306,-0.9500313919444381,1.0175454977193996,B,1
1.0070396450207102,-0.07091774156650348,-1.5461335678611434,-0.9477127022695058,-2.0630515235362092,-0.2721119575366311,B,0
1.1947497345076934,0.8896492323643611,-2.6166686102548047,1.0280217758881327,-3.5160876694438605,0.7896844545997725,B,1
-0.23516688889726622,1.037587057761567,-1.3674331999934615,-0.5724848062144272,-0.7064887038677667,-2.3238218712589256,A,0
-0.6770065878466074,-0.17061995770419122,-1.206721525928863,0.9460831299162104,-0.2958601528740661,0.002406342328064137,A,1
1.4779964484957933,-0.16850204052854906,1.034119757015337,-1.050849024516879,0.2776527034551852,-1.0653387621598545,B,1
-1.7864956945101425,-1.2475334381420273,2.8370185501976266,0.2893467109439805,0.7398749819223623,1.5959943371458647,C,1
1.165948445715442,-0.17403757636148628,-0.6295693172257448,-1.0377307779842366,-0.3488970999732024,1.9866582725672495,C,0
-1.6632321955618892,-1.8476660240302332,1.4512015722828335,1.9865741250715303,3.6665558841503723,1.0093402974218284,A,1
-0.47108584378251506,-1.1059796461666966,-1.6162433998065313,-1.3766000315388156,-2.6426233700292507,-0.8338215981137818,C,0
1.7097529869216856,0.967911790098064,-2.3636481596341206,0.0765573439434162,-2.910438246815617,-0.4396680393467369,A,0
-0.0533394507622984,-1.0515339088233056,-1.1874458392087919,-1.4477086485676693,-2.2863869224027633,-0.19946992954195675,C,1
1.0592535310019249,-0.4278480822802852,-1.3484750105633638,-0.13165617626135287,-1.8952106913794569,-1.7248644672701978,B,1
-1.0725539383071752,-1.127899092032369,-2.405213915043488,-0.41859360797226774,-1.2580854258925005,1.3717567995210298,B,0
0.3013532370791103,-0.04801313314085139,-0.7103378327083285,1.017644472243767,-0.8988394283940639,0.2940834271671996,C,0
0.9423417071671465,0.1161682848853848,-0.21277685955454828,0.4013814461513186,-2.161210688491516,-1.3630183894652406,B,0
-2.749955823484029,-0.2633480736233271,-2.5429677787880998,0.21606603356932427,-2.635962063779643,-0.3968455764478348,C,0
2.2022104011396157,-0.8403816746700271,1.7817944430512607,-0.5985187068185366,-0.40061729052439443,-0.11870196601395566,B,1
-1.3410082768037404,-0.4390087332438324,1.758435099792275,1.040114514441264,2.180881317293944,1.268554481736508,C,1
1.3637984411885151,-0.07502037974646832,-0.9081545511351257,-1.207314665721715,-1.544412223273706,0.7342202325854642,,0
0.6517662971459768,0.5438715825883931,0.874306777873584,-0.2916650485667954,-0.47864631677581126,0.18681162158093012,A,1
-0.11709806158547531,0.25943329671818527,-0.876268395910769,-0.4530497543897458,-1.3147095685546415,0.0036328422090192714,C,1
-1.3784389538126403,0.39639830185653746,-0.7410521310232325,-0.42786760061981954,4.010626537059568,0.027445015816442986,B,1
0.753489095405312,0.8211396541478873,-0.7681104286240074,3.0611357848933474,-2.0953669481629054,-0.667595755290727,B,0
-1.0430203560579754,-1.834296032724052,1.6919810872918792,-0.8067767318070281,0.4153341302231024,-4.241026669379513,A,0
2.6323369489657047,-0.10267716899289796,-0.8257241247064244,-0.7428726896436221,-0.6082184950918268,-0.45465254951437917,A,1
-1.0283196798246839,0.4577622368572799,-2.321886917295293,2.013168973928341,-4.035388074886766,0.8378060205405391,B,0
2.050051851222927,-0.8119349847146753,-0.49719319854528066,-0.12856671947138903,-1.5464391697136737,1.4001659244858098,A,0
3.065055923174586,1.9615490427858888,-1.3343738119443485,-1.4056388339480343,-0.15597917428158037,1.0420013390538134,C,1
-1.0155761333700766,0.775780029522325,-0.057057551363190795,-0.4253959805581429,1.6814540047253486,0.47476416421770185,C,1
2.1219663385314687,0.8970064326890673,-1.382517827090564,0.49082345187664683,-0.8158838472129184,0.6892784346364211,C,1
0.1811868427487906,-1.0525517893468734,-2.263411227821196,0.298828801411863,0.045323654814227954,1.508629473967311,C,0
-1.3860212796213647,-1.4399488435288055,3.225748842927618,-1.9440494296292465,-0.8114980199755752,1.9224324716352221,B,0
-0.04996473109137001,0.6733501894090704,-1.689805361382395,-1.7946087418425432,0.3496197602435407,1.4601616297874402,A,0
-1.2668303443167173,2.2201124850689893,1.0471550543430177,0.03322046582323055,1.879744843321412,0.9292320880300632,B,1
0.04383767060922039,0.030351157954809187,-2.06710412230791,0.29901745705812055,-1.0056502222542067,-2.317429247643757,B,1
-1.1987479295743428,0.19361649476698686,0.5176862153590145,-0.5576769947731719,-1.8970181949132425,-2.8164238104032426,C,1
0.9540081784784138,0.11597815828269711,-0.9043529053158937,1.6438967252016938,-1.52224481377772,-0.7509411679487196,A,0
-2.6542398458217074,-0.3463530236598366,1.751774974114265,-1.0988468259783406,0.31682037309365885,0.6916550586414946,B,1
0.6888409109952046,0.6363550788827831,-1.722758489076927,0.8471308773563645,-1.00475279674465,0.6660210829074495,B,0
-1.4118934216988712,0.5798355665946126,-2.0023285133975524,0.04637461514530046,-0.46581904302953747,0.20108098802421814,A,0
1.6174446171745305,0.7312365010616992,-1.7381287763232516,-1.4175935258687122,-0.9864316632500753,-3.0297439793888774,A,1
-0.8551301476921207,1.1587160587080398,-1.7895063327829706,-0.021909488282279444,1.0333741210664824,1.069530416192114,B,0
-2.39426812994653,-0.32082719667060944,0.48650746179917737,0.5158944916195386,1.4739006969020219,-3.2507285527060747,A,0
-0.12894892585875706,0.6967416868884257,-2.011775432990934,2.701413088989703,-0.61462263732076,0.21985720319366509,A,0
0.6973712583703856,0.4534220836935765,-0.9231762879135328,0.7447691309864416,0.4759999435325546,-1.2451290118689422,B,1
-2.0069196291858087,1.0668019966026223,-0.5534761583593094,-1.7114555983687691,-0.14595124671521287,-1.0470327816326683,A,0
0.4507492891678073,1.5423096376659569,-3.5786408433869146,2.60465277290184,-1.2453612086536596,0.20872377595256497,B,0
-1.0613162713650812,-1.1465155768252397,-0.6551187109146077,-2.362231159840192,-1.3265551320268738,-2.3129350421637653,A,1
-1.4020681105977841,1.2414299518772323,0.8755874188543178,0.6396375741153386,0.35336516783248917,0.7624493537221488,A,1
2.21223015629565,-0.6132677592868995,-1.4074914507102172,-0.45969814300110073,-0.8777894961890376,-1.1227561722124737,B,1
-0.8270605087823889,0.5965343314917344,-0.1996606194750341,0.27802730333943,1.2780624496234863,0.4747014128178102,C,1
0.8267826973397494,0.21670114480656788,0.6668239822352044,1.2772549509740896,-0.16869325869518903,1.6493127690576799,B,0
0.1382984208700453,1.6769229934575491,-0.19577437979574175,-1.1633396745511513,0.3334840870214002,-0.016730234419003454,C,0
2.291419935756947,1.0540997027118817,-3.310692245653998,-0.392363845692114,-1.9325753293147683,1.4277152959117387,B,1
-1.4716730643866232,-0.6808226773719577,1.8954577017218526,-0.27732476564192987,1.6580265426431484,1.2622113595434934,B,1
-0.9266997353939689,-0.3148088983834064,0.7952078584970985,0.3260758468413393,0.11329302087970738,0.9101514006304652,B,1
1.3957833685806804,-0.36358787681842886,-0.7229490400210262,0.22080099459253644,-0.8068626584222913,-0.6626302743731988,C,1
-1.1250898880304754,-1.6719029345086824,-1.4036728843863355,-0.7147135011413625,4.584937835106692,-0.190304620091444,C,1
-1.689411311060533,-0.4271503541822204,0.3275968212935132,0.18623871077804396,-0.7770498234367913,0.3465325224778396,C,1
4.6343695066116535,1.397330813916266,-2.0528928891535276,0.3240675034609137,-0.7492022728376331,1.4245068212150382,C,1
-0.25864233820075455,-0.3041058648233132,0.0008274904270477723,0.6475584143936208,1.0500817588112468,0.8006100684293957,B,1
-2.4031807801912195,0.8022623074467493,0.5683884301106639,0.3299522560770378,0.43346687370129566,-2.9551269320347413,B,0
-1.2160392313819481,-0.520535671483551,-0.6613802200466896,-0.7939192823170048,0.8692187252081901,0.07624683836254209,C,1
1.169817456350384,0.8747231824021344,-1.3734951651868197,0.6805741596518721,-1.4798066821626343,0.7651595436328535,A,0
1.1597590321831255,0.8306798775349497,-1.7933929097632308,-1.1191637031894361,-1.8815753296458357,0.1898065933508698,B,0
-1.5191169771576636,,0.5273838938946362,0.977897895716481,1.662591377303939,0.5632257726518037,C,1
-2.101202986679022,-0.19521422116182324,2.267633251467652,0.07511937606175356,-1.6877137266571736,1.1245371153693282,B,1
-0.6710811272206922,0.5579062975392637,-0.37772424254130577,0.5652557235064153,-1.663402343858845,-0.22768945841197263,A,1
-0.31036366649091374,-0.8063718440567701,0.9083326517095117,1.7931451343040952,2.361670616395313,1.26103594926722,B,1
-1.717573104144697,-0.9280876150612746,0.10327148871446612,1.1063356934809976,-1.0442698963259311,0.2112579859449608,A,1
1.4739766778906862,-0.6268231578511692,-1.173114751741967,1.5911610768289983,-2.129945600204654,-0.010955296629322153,C,1
0.517979835404677,0.4551007659680178,-1.3794569129353285,0.1945385636308746,-0.2528382270971752,1.3009310721802212,C,0
-1.6073474248970832,1.1544047871184486,-0.7419171603296834,0.43709268425745834,-2.1207324536237646,-1.1386547448576705,A,0
1.0566798824130172,0.4091900365285784,0.3904276485585203,-0.2353161132772625,-1.061485081733171,-1.599851608701841,B,1
-1.8960279004827898,-1.3366095769489814,-1.036054879764076,0.549031934630679,-2.6824709326174503,-1.1224869859699558,C,0
-1.1420872060873937,,-1.575823957437509,-0.7078731741224727,-3.7434709524856,-0.0964091095666405,C,0
0.4845328147197584,0.7025747939563883,-0.9099739522531697,1.3704187406333022,-0.08898248608688519,1.5026704092550385,A,0
1.733947895702516,0.34216810704740597,-0.8935130976470899,-0.022521481532707128,-1.9821250800055636,-0.5997863714389833,B,1
1.62900391312504,-0.2722298843698581,-0.5505681316294223,-1.8256583703010305,-0.6992615336732837,-0.34329651437274344,B,1
1.1863657919576092,1.807760220773568,-2.78096237433256,0.5533644520215903,-0.9395678945663383,-2.1314021328781223,B,1
1.152713673423018,0.17523917154870886,-1.1533990256035105,-2.502750383237931,-1.0325426651128595,1.2160864665960522,A,0
2.4477406311091077,-0.944957284981406,0.7412229050728301,-0.8048258150850363,-1.8043286584327767,1.3294428421309579,A,0
0.6175831688161677,1.3940225959433672,-1.2679379289224406,-0.37713060377756874,-2.083826080826866,0.45928556278620913,C,0
-0.25511709387055126,-0.2207980831332786,-0.8517358809738296,0.437627893798131,2.552736058808185,0.41413000409987166,A,1
-1.4214172729117318,-1.9121220128938496,0.4860093239851746,0.44194933156989924,1.4864805710358153,0.5733247928834635,,1
-0.27057732768464393,-0.899058523705799,-4.19610221627367,-0.8632350329804904,-3.7624833530895736,2.464507216315845,A,0
0.006449544898957882,-0.17019944387839725,-2.5251269781252494,0.34331394590115455,-1.3525860655065007,0.1362911736843948,A,0
0.6820500035120743,-0.07671708870510326,-2.575018004998092,-0.5028901500789945,-1.611645918572405,-2.119124949258439,A,1
-1.4213263890022927,-0.07369403195518695,1.5244364748165213,0.31873185210296323,0.9407955631808895,1.0838130327711126,B,1
-0.7488878897558706,0.12383999307149113,-1.3239690276532332,-0.5389691671139829,-0.8256040549819215,-0.888814941004527,C,0
-0.42857762989213954,0.5303162238510905,0.9258191810782075,0.9755569720753575,-0.8487404590876549,-3.077049223907253,A,0
1.85741481636601,-0.21679014391681756,-1.6925605529472687,-0.42845096108917113,-1.1134177612875633,-0.5570036490184942,A,1
1.1148099810329657,0.3880737337864254,-0.5833569392051707,-0.811371103022795,-1.938850742724074,-0.09951548973017155,A,0
-1.5571176035476857,0.8742478108170798,-0.21420234130672822,0.17269665011880247,0.5800319674049312,-2.088836807734702,B,0
-1.8917444346501888,0.12938243300809024,1.8774937578578135,-0.33251960483281345,0.8824818306078258,1.0699779255081958,A,1
1.2039028281810036,-0.059621849683128975,-4.294404465251654,-0.0712036802697153,-3.428081464775055,-2.5026426005282865,C,1
-0.27452262464902,2.24816696100584,0.5337246280131103,-0.11939708603801137,-0.16646906423784746,1.0366822406966523,B,1
-0.8953070888558767,-0.6087965798549748,1.8147135719803242,0.48615295085535243,0.197196511995114,-0.589188538860183,C,1
-0.9170440801067794,2.2509383085308614,0.024389818124259,0.5919314043982176,1.323222018634222,0.5529649977745427,B,1
0.46218498384082607,-0.1761605592046869,1.6482884172692556,1.5752179077844264,2.7543176108485596,-3.884689705392312,,0
-0.7339903754314112,1.155463444032668,0.8491969940609592,-0.3049799427347158,2.7531729394159954,1.0730466449096259,,1
-0.4216226074375512,0.79785463454203,1.440649590331435,-0.22202414095184106,0.5071369170926681,1.4460904752725146,B,1
2.0002918503286526,-0.48925957827175315,-1.2298299629740463,0.7773856664860012,-1.9921309745106672,-0.9009372472885849,C,1
1.286583549079524,-0.15581755520121415,-0.3276900346270126,-0.28793769496065713,-1.5425380243380762,0.6394968921688439,C,0
1.6420637839441763,-0.5584336854169855,-0.20510511663128994,-0.22953306233482218,-0.8138217021484654,0.33731737730816413,B,1
0.1876081319560603,1.1256177773328855,-2.5204514109364435,0.17611311760952378,-0.6291212948221414,0.5955395362495326,C,0
1.2550848587866892,-0.20508769295693396,-1.6020105566861949,0.2751042893124295,-2.079730815640615,-2.4705390909819274,A,1
-0.8384726234787119,-0.07367330994664939,0.6236715043145719,-1.0808940843254058,1.3420650535416578,0.8779214311733656,C,1
0.4369615474859454,-0.8831099454867417,-0.0816042421707307,1.1595898981434758,0.10796649399680014,1.6022372551441797,C,0
-0.30798838780916626,-0.009055207382260087,-1.0250257318770988,-1.5184890471281571,2.031724468287777,0.2874264870864929,C,1
2.212153539672186,-0.9915984395831186,-0.40757484727724647,-2.577931192274492,-2.613918552077038,0.23482595854982524,A,0
-1.2598750851038099,0.6642589578404354,2.1086950304990744,0.3055932836113409,2.4521360978284372,1.46999196149,C,1
0.6064826191192692,0.45912134140960864,-0.743752242379519,-1.3419488041757992,-2.093267573802224,-1.7360529730524021,B,1
1.6071654880879853,0.594611507529627,-1.2797713252124772,0.7517708979708067,-1.3848723561174985,1.1976075054899196,A,0
-0.2782198193435339,0.7023314572295184,1.693612879174538,-0.33245017826235235,2.842117669813966,1.6859870166396966,A,1
0.3472588911429224,-2.261337950218196,-1.1073966882476742,0.23238090257094024,1.368447946482489,3.1105536505265023,B,0
1.3261734373353662,0.28470657675872896,-0.8486250795981324,0.8198376220649765,-1.0245713214980745,0.10327394564581738,A,1
-2.282207185100434,-1.0427282143422365,-0.7947284507742791,1.027510594800878,0.8108065375384272,-1.374151849543288,A,0
1.4812530497564573,0.6687434026213949,-1.2010913258850995,1.7418010474369607,-2.64939347166393,-0.5073001883552599,B,0
-1.1868968719809199,-0.96346473030469,1.3707306421174987,-1.8209974527152253,0.05878750087594797,-3.2323439613139486,B,0
2.189833222929744,-0.29621402655022483,-1.9206615254568684,-1.9130438154547134,-0.8761287163692404,-1.047674548890434,A,1
-0.2471144509274421,-1.7873928230063496,-2.6194039364181942,-0.03803977876986986,-0.32322921442945085,-1.9706548396788448,C,1
-0.023164845825722313,-0.8679657064849227,-1.2051601501028086,0.6719388688465955,-0.28943833819313003,0.7491879174476628,C,0
0.5134271833181137,-1.4725407427567965,-1.5195995294637679,-0.894993345455681,-0.7727159045109796,-0.4392668735336255,B,0
1.267222863218277,0.5206689779762795,2.035347923420941,-2.2040257535113414,0.3866594724498986,-0.37418188784715434,C,1
-2.3695293797195944,0.44452249956702883,-3.0583705592843575,0.8628798294650044,-0.41940116509661396,0.8573517328941258,B,0
1.092337812514775,0.09563385222310453,-0.7002094087865225,-0.4581442737642269,-0.5263029978232225,1.6325669396093523,A,0
-1.6196806981308056,-0.10786499849294615,1.0637900143326506,0.18182628758025815,0.5057159419514006,0.7737169073434019,A,1
0.534919299706255,0.7921634692442039,-2.3992813527140457,0.49121506078565774,-1.0036431402451997,-1.2128063380558285,C,1
0.3603731951528534,-1.3938614667556113,-2.4434745962906765,-0.4869949172416082,-2.7026034884355106,-3.80979566942516,C,1
0.7223987463074002,0.05743406029763478,1.6708290783732118,0.5416640245159381,-0.9412637680190291,-5.157244017131336,C,0
0.8130446674252452,0.7074285342229368,-1.0878127108602293,-0.42707573857657083,-0.5629856952865637,1.3354998239194473,A,0
2.141594030832559,1.1140902868275455,-0.20222703035920853,0.004797378750120445,-3.3329081049945652,-0.6534732476237508,A,0
0.3344961291081624,1.503798587771126,-1.6210850771266836,0.1033712399886258,-2.1521032478164184,-1.131964315999927,A,1
2.4190251533898772,-0.8623620242097951,-0.24960518199012616,-0.4093330003027558,-3.0228832951048075,0.03212743545258778,A,0
-3.124875542921134,1.9309842071211003,-0.8401724499512933,-0.06314434020474301,-2.233832953728892,-0.37879119241771664,A,0
-1.5465776307222403,-0.05869257966283955,-1.4685143735459474,-0.10290666309066536,-2.6549232060119623,-1.2920354858088035,B,0
2.0508920735492118,0.6568884071890637,0.6417283679970098,-1.8616766360859454,-0.3673648401371271,-0.4029827302283938,A,1
-0.8163532709145146,0.4372889111707662,0.36606199194314204,0.4487367282260853,-0.716301132058689,0.7307644345266202,C,1
-2.4642963565414857,0.11291359973932587,-0.23053938123003892,1.85840706453868,0.7576025434946588,-0.227269626956204,B,1
0.2818258827928408,0.4282241767068445,0.02989779049910135,0.1758860557608673,-0.31513202355905134,0.9653196826463126,A,0
-1.153173927088163,2.0813173000325547,3.270317910102884,-0.4610843653573936,-0.709018684429243,2.047772434910673,B,1
0.42005209535650523,-0.4566047775607687,0.5224661460557007,0.8983702541906208,2.304326676183323,1.3721312209442103,C,1
-1.2466370618596432,1.1157458222397096,-1.7774172582096908,-0.8186634955355204,-2.6950133612015996,-0.08221081728189228,A,0
1.2831707800802834,1.131790065978925,-0.07344782816920059,0.44600027893040484,-1.21228037254107,-1.6239621082998097,A,1
-0.02056075283554981,1.011337955481682,-0.5458184987608341,-0.8244572020911812,-0.06217766797580371,0.6002405892323028,A,1
0.905811727920105,-0.036896093092713675,0.4280344484079155,0.26542268124797747,-0.8299596499518211,1.1413897286356676,C,0
-3.561837098192694,0.4083004819045643,-2.08636575162567,0.916670475677227,-5.180355848345503,0.4450746138291857,A,0
-0.44123228366499445,-0.9776885380525953,1.5175320758635342,-0.3072565350688939,0.10770709455559224,1.4680384339226347,B,1
-0.4942210555074259,-0.1891366191484173,-1.8660904867931305,-0.6629558177596485,-3.902148397071851,1.535136799665831,B,0
-1.393254102291957,0.21264119084764455,1.5910775038096514,-1.0900305490467894,2.4712255314393397,1.1590557640108627,C,1
-1.7994253534681772,0.6813318582061881,1.3461158543926883,-0.1820312116332806,1.041688734491632,0.8429644169645207,A,1
-0.555385826929716,0.9930863827326796,-1.9266564355083715,-0.623692613160099,1.6557804026412994,-0.27236146042889775,C,1
1.2580303502438919,-0.3141200971724664,-0.4610226031523421,0.26018501972578595,-0.7321466975259943,-0.33970500979514107,C,1
0.268375061256378,-0.23901524973792063,-1.8836970055944202,-1.0640941514271003,-1.3699336402106066,-0.16577840778105557,B,0
-0.7303753273945268,1.2904301302945174,-0.5183296593675648,-1.2006131792823256,-1.829758722705271,-0.9991752095099523,A,0
2.6069837635544935,0.34545798288816215,-1.730240480994713,0.9130631564333996,-1.8337365070967402,0.0558997602710023,C,1
-1.9328800576854506,-0.9538342072107382,1.3225243350206892,-0.5337581417267442,0.039249465064929545,0.7619192755837455,A,1
-3.5603289273060907,0.5262676786778293,-0.3965630229227983,-1.18203755905684,-0.894314596046401,-1.4165447137470424,B,0
-1.7370381713471206,-0.7193304120947882,0.6311515397081073,0.052278982445450796,0.10135491556403653,-2.2835683169745344,B,0
2.4054685183013937,0.17080952381800057,1.9679655108203788,-0.3618160890046923,-2.976090413506543,-0.07478254525591121,A,0
1.60563748402465,0.19791240989619796,-2.1740209448332886,-0.9658350767235426,-1.0447140702880955,-0.8118842533237527,B,1
-0.1324743866169611,0.8449568909068311,1.7304754312761519,-1.2851208583130325,-0.5345181975534016,-0.20378217098911555,A,1
1.0067485871285273,0.5626198787348629,-1.332161472984519,-1.1032362784355982,-1.3812510894188614,0.6076718810829986,A,0
2.387739769627535,-0.3610943565358659,0.44358643466419445,-0.37116247052053264,-0.3652898253110205,0.7913133720037364,A,1
-0.9286540241562278,-1.4388314183678053,2.1020367348871196,2.0952660564375973,0.7567783327057329,1.5731610573681332,A,1
-1.6291027951126194,0.2713051862862112,-2.121926398237097,0.8995963923356072,-1.2329783658627036,-1.0320037175396826,B,1
-0.6771493288306254,-0.6958730705827048,1.79641058773304,-0.5790070398619215,0.8147967559909447,1.5325763652612108,C,1
1.1267465243068466,-0.8254438948442349,-1.2394428640007074,0.39183001017279584,-1.528626406873535,-0.042100571703478584,A,1
-2.582983919312225,-0.5063640690781677,-2.4414004332805526,0.12880199212094653,-1.0149670135775286,0.6968435605608274,A,0
3.1120770868345113,-2.80824722571903,-0.07586640875974338,-0.15766257447609577,-1.3792364341701064,-0.7043276278609137,A,1
-1.2826993874077113,1.7893599375070803,-1.529121443420207,0.4722134768764679,-1.4811752616150835,-0.7260170744679106,B,0
-2.0893166588109655,-0.5600931171481757,3.1660256133625713,-2.0143016338241204,1.6843570816538682,1.6571430201590174,A,1
-0.5653076232513661,-0.8007289753363585,-1.186549359198649,-0.29659669821938034,-0.6455063033110415,-2.0649975679844275,B,1
-1.0465003233883086,-1.0673646082592771,0.7487843845182931,-1.0132356955843047,-0.03308758475042661,0.830191189156721,A,1
0.7713736832280453,0.12140311162254874,-0.8214443830656838,-0.26585736688948736,0.04722932844738015,0.19191747281349825,A,1
-0.029427932574444426,0.010041883249679107,-1.3677089026660512,0.8105839900792757,-0.8705466399673232,0.0026411740064533618,B,1
-0.03926112833688278,-1.6076070400364784,-0.1864813607995851,0.37819770697845906,1.056387915088921,-1.7168175653278526,B,0
-2.3538929529080423,-0.1038902842476162,-2.145976768681884,2.364471210320007,-4.370303395616549,0.9482655887682416,B,0
-0.5146398986817431,-1.5960258514284755,-0.6758002664667051,-0.8367552700419709,-0.9642001851989548,-2.493290514323472,C,0
0.9548594412576871,0.05966518564654772,-0.39275665783179203,-1.7737827304137554,-1.089707781349149,0.8494195759558336,B,0
0.7834199354267672,-0.5197871880376532,0.11680127045855526,-1.2716982296791135,0.3165305053296106,-2.6643426549178777,C,0
0.25825553230161125,1.3366736637183028,-2.8696268292983946,-0.5725668391542941,-0.6332787264613213,0.7908493149847522,,0
-0.31834264537426593,0.33335030031813817,-1.3554308440498468,0.14779904551203812,-0.1815809070690212,-1.0726674210824854,A,0
2.1964287752054386,0.6001018716780476,-0.4153743486361626,0.5426737853575486,-2.911878609106983,0.052864430538720586,A,0
0.581996705637658,1.4297698159135177,-1.5092630174233044,-0.25971689701495076,-0.8612183039596447,0.7431289697153002,A,0
-1.181281392017022,-0.2269490695430262,1.1882908485574941,-0.040546959756823854,0.34978078682229596,1.0043659534360965,B,1
-0.17694216213229352,-0.7739438958628603,-0.30827650394211203,0.096865535626178,0.786459060467507,1.9051983781269337,A,0
-0.6896781169537748,-0.814117506940959,3.436898577609695,-0.7496078756564266,-0.39883351414730006,2.325544930755552,C,1
-2.719238511832092,-0.06303783002922776,0.22546716669334743,0.5191667509069452,-0.9914999183991114,-1.4318863874480818,B,0
0.37301344927321456,-0.5425952083745458,-0.5615347846563591,1.3765724333235618,0.88587222958183,2.624656265332019,C,0
-2.9395587152506844,-1.1898754228932482,-0.20936037777146732,0.7694344109181347,-0.3500057438524934,-2.513111948862891,C,0
3.484110851039327,-0.06785672083807162,2.068160362270036,-0.2756458535087071,0.3959253963417335,0.6907319710538251,B,1
1.759146080624075,-0.643905062419122,0.12258319099186465,-0.033873665757981786,-0.5513126521891523,-1.2463845555052306,A,1
0.6605028609089925,0.7367901083169205,-2.579481056016148,-1.9262510711816638,-2.63180835088923,2.188417239786105,C,0
0.09111085516511896,-0.7794996559677844,-3.273105628880052,-0.6276272448065524,-2.3024944050735288,-3.288578113449451,A,1
-0.6284842138913403,-0.18592551768501137,-0.6997900449213346,1.0701618145542802,-1.2250583380955344,-0.7859665970985604,A,0
1.379773652649102,0.7167256048805708,0.6195952000092035,-0.9118101138069958,-1.7863677828086826,0.2982979411305793,C,0
0.544350919236813,1.2099712350029537,-0.9775631890960298,0.23637429213760716,-0.021841457456077795,1.7493373270309522,B,0
-0.7699740325490445,-0.6539236905262302,0.1745524935140782,-0.20755558915919584,0.6972025154997927,0.6772660683172296,A,1
-0.04270038190978798,1.4911010657198758,0.0747672729907547,-0.4768167855412947,-2.6800656253283712,-1.7461944374183307,B,0
2.579413227179154,0.3037978153607543,-1.5179664473770704,-2.45060967757803,-0.8178024660348338,1.1678521803243256,B,1
-1.7143440603053552,1.1123412586103336,0.1736302357629067,0.8451421049867333,-0.8515142023968989,-3.3736414948180133,C,0
-0.9382514527387781,-0.5572735863638701,0.7119892734873232,-2.2598921739059756,1.9360591626211658,0.8997953596043491,C,1
0.0838810909559109,-0.6956491255344169,-1.945983200298961,0.15265838005012775,-1.7936466611122364,-3.356411246304767,A,1
-0.14838902788242447,1.4717482197188148,-1.3638739000149789,0.19154795349893228,-0.08930559272066463,0.9553176973688536,A,0
-0.05819622712674599,0.04657958147594168,-0.7014614318004934,0.9529210635822113,-3.417161098742707,-0.37719375288234813,B,0
-0.7439427929356537,-1.0855220498019567,-0.24854719687884264,-1.3369763063635876,3.0335089763117034,0.5209949940359105,A,1
0.3703464845703337,0.6445219662437243,-2.4728727141960585,-0.570469017988219,-4.8445759059331985,1.8695596745887757,A,0
1.0147423139537024,2.601574515484019,-1.7882454892736837,1.3097088243633404,-0.9890478877243322,0.9925477116409188,A,0
-2.1325696946310373,0.8173583304001836,0.8180512555187989,-3.4253630855929744,0.9336013745726104,-3.536954008838315,A,0
1.162516280338073,-0.8556022218077409,-0.8905550076261386,0.6703674058735188,-2.7315452506033986,-0.9257279588823013,C,0
3.8332848306580103,-1.3155208308716764,-3.9360700866960014,0.010410509941697923,-2.090196457964446,0.23885246117349346,A,1
-1.8139902042792673,-0.1546575386247066,-0.07804716297244763,-0.06013102300805195,-0.47800275454969554,-3.665548109009185,A,0
0.04018987846430255,-0.8250419588900675,-0.2181942494548601,1.2113757217962664,1.3522013061584937,2.709901649415761,C,0
0.9827017256253582,,-1.3381153905175056,-0.30210170892740745,-1.7816398730828567,-0.8000358118054395,A,1
0.9284381308905109,-0.30378689979746637,-3.3840845698347874,-1.2756688810349444,-2.3536113417466256,-0.45020006641686106,C,1
-2.0777934812964833,1.5552411396122,0.20443899507055918,-0.054980393447980926,-0.9856259287948412,-2.727044941403256,A,0
-1.3550365194923906,1.836917006279145,1.4537327258611095,-0.5528744581546791,-0.2781421676203466,1.0560463512599962,A,1
0.9179956170168972,-0.45394489393803056,-0.1567035156131018,0.9169312340613927,0.42565005911264087,-0.5981272397286459,A,1
-2.2872203016950783,,0.8073237688586126,1.4463551049438221,-3.4550607432391933,-2.7923407098355044,C,1
-0.006169584388766136,0.975034206953751,1.4452003704213423,-0.4228723353341045,-0.6615183658819227,-0.4014546767604368,B,1
2.26975143446292,-0.9491106395526651,-2.1189770607613214,-0.292234537617845,-1.1728738041399573,-3.0224630582408616,B,1
-0.9795092626395603,0.5638337656527311,0.8489151776851935,0.9340661066744291,-1.0965180948171225,-2.011644087430991,A,1
0.5246407201317342,0.8899608405008393,0.5643940562054881,2.5316214099664593,0.17463401620911156,-1.1888207719929478,A,1
0.9982798441649166,1.264109108562502,-0.4899121994981658,0.8423724790196542,-0.42968803287070645,1.5280803488585293,B,0
1.7082928284258931,0.005230019343576024,0.45469925833215297,-2.084664935374923,-1.2248059769197184,1.4218494394164551,A,0
-0.9432776817846972,-0.828712981587822,-1.426233666743783,-0.6091774139864389,-0.8650112423859787,-0.4277549254182361,B,0
0.9594074584856097,0.47495401543053484,-0.8960425188092737,-0.3319386251855889,-0.6723300254965092,1.3483559656789295,C,0
1.216765133243661,0.43752129230796494,-1.9699355426600829,1.9376049269941624,-0.5714158811926473,-2.7147893252266124,C,1
1.9404933058809086,1.3391486751575414,-0.1819906550368393,-0.021212974916712615,-1.0399499752882007,1.911322544228884,B,0
-0.2937763395839035,-1.0808171905667887,-2.7363083437870896,1.1161688191908805,0.40828322129711436,1.3813325726249706,A,0
-0.09525767546509667,-0.2961625850940652,-0.9148216273662877,-0.023080505737277972,-0.4954509096049349,-0.7056685781825975,A,1
-0.11236379827361964,0.1518585957516101,-1.7321878958304686,0.6945463670468957,-0.28189676715565615,1.156265234519136,C,0
-2.620121500830986,0.998785248291418,2.473553166685895,2.9162784641471795,2.8942790080313925,1.1103162366829427,,1
1.9514834187691228,0.5549294294158178,-1.422022785493513,-0.5822573797450439,-2.215634257280473,0.5128398796853872,B,0
0.2609725761709907,1.1551011783717482,-1.2744028577552884,-0.18555048301473748,-0.3621899853222237,1.075186102148922,B,0
-1.4129381160206416,-0.8711399490827468,1.8395843647265153,1.6896513172037129,0.5803240241094307,1.2364808456637355,A,1
-1.5938653031396086,-1.3128932341162796,-2.168720984731243,2.021153917896246,-1.0599436630475123,0.44819810793279946,C,0
0.6074153918124081,-0.9951825984139392,-0.16476637447342735,0.13171876888064055,0.4989215115218021,1.0639691167698604,C,1
1.7690623661374967,0.014833387964719556,0.7049039816490605,-0.010904153149561769,-3.1178060595898383,-0.7748324623438123,C,0
0.26305431593061557,-0.8359171847795852,-1.722911845567166,-0.2724609817672434,-1.2987818936391549,-0.2737633904529113,C,0
1.9922703171326095,-0.3347889242815569,1.3925182854411733,0.3884225036407539,-1.3313551128541894,1.5126103256653258,A,0
-1.2782057502084274,1.202072844973665,0.039277303915645656,-0.0938995535752044,0.7243943114197953,0.3922703688277156,A,1
0.8063970979283441,1.751639501573564,-2.629823804164972,-0.4462848181559192,-1.1196935253836249,1.4511682483015877,A,0
1.9249965186550704,1.725077409716394,-1.2618716875990519,1.7376327001088834,-0.4655200720805812,-2.5563068986196464,C,1
0.9002301801610028,-0.6566227581887844,-0.9842170799561949,1.2983437631482315,-1.479795768982731,0.40503373452329006,B,0
1.2818779159227527,1.9739094756411455,-0.7763467918535208,-0.6389013099861962,-1.1428955695336196,-2.876298792012716,B,1
-1.9700285645650246,-1.8265667376699435,0.5738727690517245,0.17981821480148033,1.9423932168668125,0.41219843480859075,C,1
0.8500747211297264,-1.123339413929177,-0.5837952708898269,-0.5771624788733408,-1.7255795130909228,-1.9134801305029123,B,1
0.3319093987922973,-0.6331937655359954,-2.217464066182025,1.7672390710395363,-1.307874844626205,0.0902775003143832,C,0
-0.5245593105562294,0.7734808333855256,-1.3082471409795067,0.940539193629264,-0.3995198856714922,-1.1971498896482258,C,0
0.9264208037445733,,-0.7694542174685453,-1.25900262293377,-0.5257288090752528,1.4160213301090014,A,0
-1.2196565985518362,1.6354906236171627,-0.005830096788213668,-0.03882348669745675,1.199120365812304,0.40288652680108794,B,1
0.1967481016293049,0.37415265898707617,-2.518559079648073,0.7019422588004034,-0.021238235188468457,1.5087095637905594,C,0
0.12145887254894006,-0.14452609556268733,-1.002123863110122,-1.3057499772415522,-0.5995272783590839,0.6690667485905137,C,1
-0.9485168069762115,0.393484009201066,0.5313232926078463,-0.18521570771323423,2.735289640210313,0.8222527167553604,A,1
1.4816995666520931,-0.6435838189492084,-1.5467357484077868,-2.2610329160598344,-1.270090795908673,-3.022172614898422,A,1
-2.2438166173486582,-1.9262151654936983,-1.0128656255364352,-0.8225386189154409,-0.2787479260556266,-1.3985291965829068,B,0
-0.8742658942641028,0.6702348405917594,1.404713535397002,-0.41326291892669814,1.391063447723072,1.262808106333738,C,1
1.547745011191449,0.8415209918809313,0.07282406205545411,0.7753377209060537,-1.148752301461652,1.348394428197803,A,0
-0.3927460344800008,2.035242894176204,1.6626698667241062,1.4755644861500035,4.765042340347804,1.659397083224126,B,1
0.6550750109334738,1.1158289998288822,-1.7574225735508602,0.6438703103709117,-1.4246992125944047,0.1542716860484551,A,0
-0.6572537313202871,0.7138917020931284,2.2885835512861843,-1.2605296229439318,0.3285967819432257,1.7727213485218616,A,1
-0.907488270449204,1.1157282220190543,-4.257036464883681,-0.15634526702178284,-0.0837405046368247,0.40858097320457,B,0
-3.4109374278440057,0.16382511349971618,-1.3046945073585923,0.3258219203978424,0.4185602221671074,-1.392052830601729,B,0
-1.111779177775019,,-2.41685471519831,0.17009420877307,-1.4659938879548373,-0.4775130224913816,B,0
0.4922381063542225,-0.3326673628963374,-1.8923680318147436,-0.5091172377433792,-1.846280530209946,-2.3103551291170277,A,1
1.1933603938925226,0.8991981459900078,-2.986610261649093,1.9107179742703644,-1.2739486881662834,-1.9822533415738048,C,1
0.3737828045828696,2.471474545505939,-1.803973436037893,-1.0522876363068245,-0.8200534516168708,-2.1956414325980136,A,1
2.2097017613179255,0.38932810857460554,-0.032559663977569375,0.9201660610906691,-0.7775537369164319,0.5413457616498873,C,1
-1.04222264319499,-1.271782602161743,-1.960575853007442,0.008772511589786338,-0.08662897435118533,-0.05405598747647,A,0
0.48356592219048233,-0.5452869003027524,-2.4666199404944424,-0.5539146254160118,-1.1995078459246509,0.41832111214451184,C,0
1.0233505952850048,1.2500644837439683,1.2013781769620553,-0.2751202931866494,0.30941499781958104,2.460814091047287,B,0
1.0535155261612401,0.7071762874138633,-2.0586583517704597,-0.6542084695327084,-0.9746449970025967,1.1276964093383557,B,0
-1.3906727364473501,0.5356578151048499,0.7623900813209484,-1.0937818534942865,-0.9349735446548184,0.6814353706041634,A,1
0.9849554267945483,-0.4416074101336221,-2.1485155229510076,0.23407666077231085,-2.4421735151682675,-1.4974759286102661,C,1
1.005790492423515,-0.6213556404859518,-0.883057369993387,2.113514302797945,-1.4433472082345669,0.18146960988362926,A,1
-0.5924320939943534,0.14653027802133728,-3.2286296324271087,0.4855567221888255,-0.41312949270240007,0.36198104811459264,B,0
-0.872143911713752,0.9001627334444808,0.18815409528806715,-0.7691520045533977,1.9518873012693398,0.6583542730236907,C,1
-1.6559483267109547,1.0774569597457246,0.1429102597938452,-1.0995030673418908,-0.2076322163440587,0.2814791566780903,C,1
-1.0270198064900102,0.1874998896477008,2.1600871177877807,-0.19430556141545238,1.5560158480587156,1.5911085530782447,C,1
-2.239197832930934,1.20503107565091,0.7174890199993088,1.1549802291978915,1.9438703650975877,0.36447285940873964,A,1
-0.5867222706715226,1.7068214703544906,1.186275160220843,-0.855962158725731,0.23610019822254458,1.2524330928246576,C,1
2.214136394596437,-0.17707589050882727,-0.6130289537219133,0.14519770160540038,0.20091931874923818,-0.23658094883102765,C,1
1.0437917243769173,0.483366940824098,-0.16777432427581718,1.6525029640929538,-0.16128680730613387,2.0272736645214473,A,0
0.8258731491958431,-0.7243978564616015,0.33536300256974694,1.8542769094656633,1.2908722681335472,-1.397081476319709,A,0
-2.06122479083798,1.076965025045659,-0.7579325566829419,-0.4243486412257372,-1.8479622447633401,-0.31740360105424803,C,0
3.0227219823216864,-1.083801995270218,0.300566348863744,1.1837404861681007,0.17471162178609867,0.17533894371989445,A,1
1.1503115385615361,-1.443391461594405,-0.2919199240902517,1.7005431753138147,-1.1618798538693211,-1.6895879307908914,B,1
0.7016898670864652,0.09041399369518849,-1.257884361881052,-0.6972436508923324,-0.9246489965173224,0.8136330528391424,A,0
0.40851832546629074,0.2208948680074036,-2.7168538096277315,0.5796513567484451,0.6369804376702068,2.4225922871202905,A,0
-2.113612452734329,0.7380445293915718,2.96371712070645,-0.2840679601639946,1.1338316251920921,1.533803748561609,C,1
-1.4139141254813086,0.19739523526427755,2.810649527284723,0.04312088497064878,-0.8673081877755862,1.6978112132393108,A,1
0.9203877739349936,0.7542731428123921,-0.9756748315994279,0.58169890674244,-1.279355370070507,-1.9254849489761376,C,1
1.264611689164563,0.25289274616001933,-0.4374243497895053,1.4566162378480376,-1.8815417939530272,0.19108916466450543,C,0
-1.9666691688303448,-0.2599633670193438,-2.257217488335694,-1.032070797122024,-1.5171897747081147,1.1044220432259206,A,0
-2.3080881260080424,-1.1417245043149507,0.9887131811383723,0.7692315540126498,1.0003744582142045,0.4594848946096419,A,1
1.1690463461512777,0.19457805876693118,1.3002230117380935,1.013184231527296,-0.2296338750225274,1.8202947603216466,C,0
0.23621628223661906,2.383049487037445,0.8800484634255297,2.147498065989639,-0.3446393251040727,-1.152551278337472,B,1
-1.3359357600229897,0.435668518641492,0.612872366069198,1.6582623606087885,0.9871594051558538,0.6654126406653682,A,1
-1.9768754921064353,-0.7167327438221676,0.643007027604102,-1.25630243349524,-1.3273475529472065,-2.7754711630429436,C,0
-0.53441625845117,0.06344197536631992,1.1183704667008691,1.9541178007911726,0.12190943941358112,1.231510449977653,A,1
-1.8189009152897015,0.16777314779305583,-0.29229534220534625,-0.5983879086903449,-0.7891683544832012,-1.292949178730752,A,0
1.4038236376496744,-1.0938792286426124,-2.391603036466787,-0.36642668063308914,-2.335292357143853,-0.11638918587637592,C,0
-1.5611205012025866,1.2451225219876565,2.1974810618991394,0.839067488959856,-1.8422148910586902,1.3065514973494838,A,1
-1.0096235519035792,-1.5399069029654593,0.7534741131815577,-0.08644367095146223,2.4389348524469625,0.8995965203450315,B,1
-0.8598436302317127,0.2482515016025976,2.2116864623735895,-0.7031483299280347,-0.12497478425101871,1.6489385753442767,C,1
1.4851609196112827,-0.7314025022033648,-2.871404063003615,1.614181226900389,-1.1160554675114742,-2.8561954850401716,B,1
-0.5876489731372112,-1.118819284009164,0.4120114112053278,-0.18663049606313983,-0.4559556437242789,0.8481290563468372,B,1
0.2801152941815408,0.4370276569034517,-2.1307192751181105,-0.1408004596415123,0.05548298555638165,1.4794619609415818,B,0
-0.8884309426524875,0.051443014598181784,-1.5802970430184535,0.4682558797363157,-2.1119308042502443,-3.691892461210715,A,1
0.8972905611654488,-0.19109660197844597,-0.721146356165798,0.9609737495699725,-2.058378453395782,-0.3237385674776345,B,0
-0.20249545248785839,-0.07383075237952628,-3.0568282299291885,0.7664267120087012,-1.9775226416833687,-0.7702481215259305,C,1
1.457079881014739,0.44130521552357205,-1.2293318754841878,0.7092492250883132,-1.347511830737063,-3.4181801721541096,A,1
2.963516923056546,-0.30821196601613055,-1.6603108106269278,0.2942744512044624,-0.9851887778227763,-1.5006091602472251,C,1
-0.34072821662673525,1.9543914799138362,1.133499633962054,1.2928214044082122,1.0589894597986997,1.341003424160795,B,1
0.03812871182600641,-0.7419073373272306,0.2768097009920045,-0.09202579232822615,0.5970178407222708,-2.591509281191347,B,1
0.9810896270297452,-0.041671455072371855,-1.686797036703362,-0.3356305244848129,-1.396228373706867,0.5060995627616269,A,0
0.295394113501547,-0.32160757971258463,-0.24501060536518637,0.4809546567332921,1.8291628902796446,0.9274008431740538,B,1
0.26112359914914773,1.147499246578517,-1.0346099399739517,-1.9151322543439664,-0.7739704457722442,0.5471683925501438,A,0
-0.9719955128414197,0.17020919587427416,1.4595222810925865,-0.9142373214771304,-0.40198653942731877,1.2168400014664085,A,1
1.1124197208814004,-0.14970848467852313,-2.011098289682794,-1.633507558099569,-0.45596264800936714,0.7014360150453107,C,1
-2.2624522521757893,0.14305728854941072,-1.963841048670416,-0.3877093999430967,-0.019870144443705495,0.4828831901166095,,0
-2.917858119659611,-1.1788426892475445,1.7340122262114128,-0.34000267576211884,-0.7275935227196395,0.5532917325369975,B,1
1.4831483293902117,-0.03707549416747282,-1.0068849688164787,0.2616343777027056,-2.4457403143868985,-0.20080377828143336,B,0
2.5241662313703532,-0.2989412712686057,-2.3401976626081513,0.22657096368440763,-1.0549642205513916,-1.5735623576748305,A,1
1.2655491743650278,0.2981333972092237,2.6791090199244585,0.18231638023369642,0.4982107640223161,2.874831478221677,A,0
-2.07980768606685,0.2698575916696068,0.38658640813857215,-0.687600627588789,-0.15111758459051816,-3.7091493483785993,B,0
-1.1962974067098195,-1.0458602123801781,0.14197583097480104,-0.6780379947938197,2.4264813284897544,0.5120687743926953,B,1
1.6577655008193202,-1.1332174532616603,0.8444179759214239,1.0054305156134233,-0.7125645607493803,0.022928794518127793,C,1
-0.09638583504691844,0.8061700107836666,-1.6930568702435738,-1.224526593462957,-2.5539832820325747,-0.5164636588687745,C,0
-1.2293513359934711,-0.1953307078639792,1.132478260450888,-0.2251985048704186,1.2801596442202956,0.9784243046855161,A,1
4.311074134970934,0.4400037748489125,-3.4347389846810867,1.177299563001106,-1.4564183147634253,-0.4406916054665114,A,1
-2.267259296997301,-1.9072437837258744,2.9679603678354285,0.36938479403333335,-0.44424312363811147,1.4450952911505688,A,1
1.7232264212280295,-0.9364166988639766,0.08659298292226447,0.42532038855548204,-2.6025491576215876,-0.18723268243613833,B,0
-0.13528551208140183,1.407160239571904,-0.8104653201039209,-0.12359441956738156,0.19039850087505505,-0.5777763225318325,A,0
-0.4137263270989865,-1.3497186363268636,1.4477419625853092,0.5896329604694052,1.8294626336063846,1.4813970873615454,A,1
-0.7831366162543258,-1.074463829979988,-0.5444269483783999,-0.3674500691961814,-1.3692289310583865,-0.5603796442946724,C,0
-1.3848641226324983,-1.863556040292807,-2.3127825895643186,0.7881174334537867,1.3365653019167918,-2.0655091374514076,C,0
0.7290056984027316,0.6450673265075565,-2.226912175344611,1.0746693027254104,-0.9056487810134977,0.7855108946298781,C,0
-3.7571767563773446,-1.3014569433628809,-0.7286387491355866,-1.2379633728248656,-1.885450248032102,-1.8328704667296636,A,0
-2.5542844339846797,-0.553162662028277,-2.0856090652951136,1.3126319840891338,-1.3639112071931647,-0.42925386669612864,B,0
-0.6220778507600283,1.8538964456951645,2.3471315639435484,1.6019198692878294,1.4145477709446184,1.8442795512828192,B,1
-0.6525155763139345,-0.6322561682591203,-0.95896691868629,0.5037893322224072,-0.4144588425886869,-2.4758204090154075,A,0
-0.6505318129547664,1.152067343332024,-0.4165756035643473,-1.1789532528400433,1.4693038957766429,0.43881673138937927,B,1
-1.1909961780774525,0.6481820456339864,-2.452556920557373,-0.04253395398756395,-2.711928602557669,0.7774185128857254,B,0
2.322030913265815,1.3446819510731098,-0.39827468819803846,0.9252555412798147,-2.2131329758790645,0.8468302721434545,B,0
2.382527295718152,-1.437513712831372,0.28991950972663405,0.2838273642292626,-2.66075319415981,0.40104960189457173,C,0
-2.1308838988153322,-0.4621816565815953,0.3343807647603463,-0.6655463166950208,0.10172681692362107,0.18650827364883182,C,1
-0.005681646687267783,-0.9791329666808096,-1.7594333467969383,-0.1746268055654237,-0.36615246766423604,0.8065204988005978,B,0
-0.8243531340529615,0.3525539275835807,-3.3621421785899352,-0.6274049131825084,1.03448121392527,1.6886127220719318,C,0
1.0641658642920049,0.6707964689183467,-1.6036859364773974,0.8067048162619145,-1.380178143277034,-2.6078364403409955,C,1
-5.332170550000257,-0.8424395817596804,0.2631040868121184,0.37482534107930476,0.15947349940509858,-2.925567561536079,B,0
2.2020550523859956,-0.5027262939326653,0.4225417898436894,0.1490178081716555,-2.208620984898313,0.6178716842234206,A,0
2.271802433786105,0.15921851471588322,-2.1679988136099198,-0.8893591128236639,-1.5929264296932981,-0.9813887976791145,C,1
0.16521663502843398,1.2080053105854867,-2.409979622241651,1.2258447165314592,-1.3234440607951086,-0.15344516570476752,C,0
2.892239883709736,1.4984818401267137,-0.5805071474354271,-0.12019674426695498,-1.1331064043996295,0.03953960259893474,C,1
0.24116550270660797,-0.0893744213740547,-3.67461078724519,-0.4355020228511757,-0.8156485385703828,0.5426393015300605,A,0
-2.358787291883351,0.0693368084724879,2.470429401377076,-0.6840537811011811,-0.8144560135037542,1.1478409316636353,B,1
-1.646931819837266,-1.0361088638919955,-0.8589131694802482,0.6488838756904926,-1.1049320226498063,0.04569700265807075,C,0
-1.7350442553226424,1.5321153964862861,1.2557998583495205,-0.14644935668337383,1.3224096040849176,-2.131310650623629,B,1
-0.45249391603179234,-0.6716841708496661,-2.785949337154035,2.0553413406278565,-2.586270585265752,1.5759028490878597,C,0
-1.270606320535955,1.465424420844281,-1.122363237210479,0.532466054667943,-2.8497345327527883,-0.5073456470187954,A,0
0.15834024244205114,-2.0949531148679785,-1.226145465908346,-0.3615144051943649,0.9545917258880148,2.4323450845679844,A,0
1.0121192950160358,0.23565758798719783,0.13291986348033236,-0.36614784080118545,-1.7065765626535507,0.09491045986091484,C,0
-0.7823310962357193,0.19504761015907893,-0.7945716855128893,1.0741645781929279,-1.8948922514336237,-1.7480087252110132,B,1
-0.25157242932152735,0.5188768838638564,0.07415075290110784,1.1578849115841738,0.6875316392731721,0.8353379533557117,B,1
1.7836132796825983,-1.531870520185908,-1.3358983471084351,-1.4739053009309453,-0.8792975056600911,-0.9186074767027459,B,1
-1.1297731582936597,0.3788718856892748,3.266545837316664,0.42488530339347474,0.6059420457202297,2.0711863682245686,B,1
0.22441361846726515,-1.6446040683468848,2.108840524875943,-0.20950819043589705,-0.319749177714036,1.4731358944637263,C,1
0.9211773772224058,1.3175740923339654,-0.21850197063622412,1.0893593960017278,0.03187346268822333,2.0744550277703233,A,0
-1.3102413971439262,-1.134226990118635,0.438225285807303,-0.45920166438441956,1.556510817447398,0.6053948444596657,C,1
1.8839619346508027,-0.148956560834947,-0.788141019553221,-0.8972573350758664,-2.9014880712014226,-0.33979493355651424,C,0
1.4714444189548446,0.07991664854173547,0.8390375460864228,-1.8238751703214071,-1.530778165718464,0.7519747892111343,B,0
1.5488747478666112,-0.5137542121832591,0.39616843358625586,0.5236796560305238,-2.084354956873125,0.11820272693945721,B,0
-1.1951065599929631,-0.39978056525874583,0.5416103906215954,0.666424471685837,0.9155226125509044,0.6864103976112429,A,1
2.9494695840070353,-0.3128739612043919,-1.378583764833338,-0.7788047286033891,-1.982155676785363,-0.3337195552388511,C,1
1.3775682357899184,-1.035398045837858,-1.996179981754767,0.6411030370418971,-1.717340748123458,0.40448083890074293,B,0
1.9905639082427973,0.5867312835550362,-1.956416907779579,-0.12741725309763266,-2.5352468007075943,0.0787764661918895,A,1
1.1970256722241048,2.0276214962490715,-1.3019298917897304,0.9252930537162785,-2.392846286778484,-0.36722195593316354,B,0
-0.981991983009104,0.9639231154878446,1.0326277082657165,-0.04443519459702928,0.36701983905253677,1.0071756330175492,C,1
0.671056414784873,-0.6165880892105043,-2.113331347547609,1.2914092431291537,-0.9992732376778412,0.7520953123507526,A,0
-0.663113406395957,-0.3809301182124925,0.6269800304929531,0.31331101285637164,0.0017324985941955529,-2.1604616389839246,A,1
-1.6548723270525227,0.9803492695387954,-0.11074716464867573,-1.830468738644334,1.7219363289358651,-2.1153146246479224,C,0
-1.525096288112821,0.23272917467605314,1.2265751139265941,-0.34182586888237204,0.5038861325523045,0.8910296554015844,A,1
-0.7536509702107476,1.0599931194039827,0.9071950129726664,0.9773757585544134,2.383810509834999,1.0807818356132688,C,1
0.3490869688428847,-0.43674812324922674,1.293428967176459,0.001493175363453329,-0.07467202233909676,-2.707479754411441,C,1
-1.1914396047345257,-2.4813491024862637,-2.1810420515548534,-0.1853439106568825,-2.5622157296916765,0.8879956492028289,C,0
0.19357189198551916,-0.7535954883608103,-2.4684756953235363,-2.3425234997416626,-0.7419782659449823,-0.2165517828445227,C,0
0.9544245512544988,-1.775949698800053,-0.6865724096948351,1.6728934774983601,-0.31432493750679324,1.8793981926504517,A,0
-1.7273366513922803,0.21564815147665914,0.812450115950595,0.19311463369002482,0.16161580658252483,-3.026781240685023,A,0
-1.020227072847142,0.2965516333357256,0.48892837466209627,0.450552150210799,1.1935013768964364,0.7443806105709828,B,1
-0.8729928545468517,-0.32770059145546554,-0.9705893193460348,-0.03266506386698942,-2.138875561987666,-2.054553212433873,B,1
-1.9298424639325198,0.018958140652751674,0.009001975605943402,-2.397998275862366,-1.4490392953908997,-4.924557858505308,C,1
-1.7778981915105443,0.12035844148383618,-1.3095617088792402,-1.9182730249039814,1.1444526438541351,-1.1215846714763966,C,0
0.25571546188710204,0.09146406702396735,-0.4168514835529272,-0.4063276108312595,-0.04391492666171526,-1.994276494153938,B,1
-2.3058019409055106,-0.3778334689326721,-0.9932904757266401,-1.7011795172403792,-0.605669503158718,-1.4313004125429576,C,0
1.1936782761879519,0.1461090933278769,-0.9035469997563776,0.07812406859813241,-2.4775001341500804,-0.49215298214340564,B,0
0.3819663675163031,0.3566450794751408,1.8419845376933455,-1.0620891671202404,0.10491944837288325,-0.02764340655554809,B,1
-1.7498204997463267,,0.3592734337507062,-0.4071731939382158,-0.9634830218221873,-1.5023485614876746,B,0
1.3237599003291878,0.3776852783999971,0.09516032307827715,2.1197985477894066,-0.6938971084348808,1.6579574458221211,B,0
-1.1862690162615563,-0.3458214230710446,0.384935619962782,0.3709725584686158,3.860654045112819,0.6749663678696617,A,1
-2.95720448466144,1.1375810186616007,-1.0060558194655602,-1.2845524089160576,-1.3382843641610402,-0.3461882357103824,C,0
-0.08835645071950171,-0.5420720265396033,-1.0549329363631186,-0.048944402943252543,1.658743830219891,0.35192270908830825,B,1
1.0298969507873381,0.5582693443682882,0.28061999611689203,-0.9796885393137323,1.8960039154655393,-2.027343918396888,C,0
2.073781681906911,-1.7550309105386703,0.1012743016051103,0.05075788048553568,-2.5956298192487735,0.20433579481542907,B,0
-0.7996360134200555,-0.4772244849549444,-1.0269776285651824,0.8116197878614766,0.32313594840378235,-0.380114823892582,C,0
-1.3523116343030392,-1.0235987781597666,0.6559623939136171,1.5727461833028664,1.2590761084082147,0.6907053990843812,C,1
2.1148502344368953,-2.2367915943146617,-1.179723327622728,1.039714876188584,-1.2766772189471371,-0.06569912450303739,B,1
-1.7315288107958065,0.44721680155710203,-1.677417674100766,-0.3162281733105228,-1.0429284913576522,-1.4242467643917012,B,1
1.1074295347513445,-0.2682769213244458,-1.595476848836803,0.11831748456087618,-1.7246892846797777,0.24690427632357992,A,0
0.7712884945645592,,-1.8193962475124814,-1.1864165297170102,-0.5625968847880718,1.360326413454002,C,0
0.5839293998371027,-0.13302567596422354,2.632503576103087,-1.0540484953168217,0.46808668031510314,2.4582984229596825,C,1
0.03057296162978118,-0.11005573578960627,-3.040269041358165,-0.9477030612172137,0.5678776374693877,2.0706505220113782,C,0
-2.283999099757806,-0.8595346982661727,1.2480451056623276,1.282162695948976,0.769104319029553,0.5934659429184688,C,1
2.865914839601545,-0.6235925253537713,-1.7627292700401953,-0.6022041805582339,-0.14289839513831348,2.0391126229503933,C,1
-0.30220977330078513,-0.27055929606270246,-1.8986453872117854,0.01614704755227157,0.4098006699688268,1.4732036645183104,C,0
-2.393751635089143,-0.3691130199227638,2.6968735951408758,0.8209727922022664,0.33946366108484016,1.2637392536080903,B,1
-0.06325865037042555,1.27519390449444,-1.7391919976414358,0.5102419795891495,-0.941106111833521,0.11450424357614797,A,0
0.8072220934685979,-1.4461164249062926,-2.800213432213912,1.644074938040169,-1.481025245324031,0.39382786083565524,A,0
-2.2421622205181677,0.34062232823800315,0.4637813834530524,2.0767203513091994,-1.7913355240319189,-3.637653288057535,A,1
-2.0825301468776143,0.2689419627492708,3.2416022723087123,1.6880955436135636,1.2975260990366555,1.6925297965620063,B,1
0.5079061758672101,-1.2196672215274431,-1.4158836487837396,-1.2584780553254102,-1.1598526603640258,0.3644134626028772,C,1
-2.2802464215481155,-0.040468111407470114,-0.7269145892923978,-0.4916140027279353,-2.0133492304463942,-1.1148361497196297,B,0
1.660309999939053,2.139424255858326,-0.10662411275930717,1.755802225416881,-2.3971789916544743,-0.03500215697600706,A,0
-0.7109539441840214,1.6143429169177017,1.338542076280534,-2.111881181613647,2.0864978109770065,1.3129859714497663,A,1
-0.19576237226831317,1.0122258691366426,-0.2336772198063244,2.322969042422301,3.679989619401286,0.7666258027805452,C,1
0.5901343981865708,-0.30610492663844224,-1.5081404801700558,0.9678303935055372,-1.8568596782262496,1.0463385543925394,C,0
-2.000182942287718,0.6323463827421034,0.950920695773752,1.9855345078343805,1.541605879905264,0.5742780100026563,B,1
1.820827111602822,-0.48439056814284,-0.33112335822924555,-0.5817960193003395,-1.8180709585469308,-0.6662356179895641,C,1
1.5049115773547426,-2.5489810665471353,0.3687153859495831,0.2575789272967097,-0.3219226351255746,0.44620054721724745,C,1
0.442806919466995,-0.4386467275945946,-1.5160834431855292,-0.9652226699420925,2.855647479779112,0.36052589225683074,C,1
-0.8208164894562978,0.08721110688608728,-1.4608887084692745,0.37653797924678667,-4.464250262519181,-0.021881787907812367,C,0
0.19349923644114742,-1.217623442760404,-0.9246823839284724,1.172623982522441,3.072298426461912,0.5620068656357321,B,1
0.8038633439266997,0.4529835297070833,-1.3349331296713398,-0.22235585780450587,-0.5676797404522723,1.3016491042663763,B,0
2.097138430150876,1.0276536193083714,-3.3462316919497948,0.4008028914149231,-1.2590739323656779,0.8432345146566762,B,1
1.0826632937203646,-0.15137407796763247,-1.4306480106762647,-0.45855127024597736,-1.294542883091517,0.7727065499854242,A,0
0.1475376496905334,0.5220186105991496,-0.6729915034496573,-0.42950584473677855,0.3216373989660257,1.6307598368209404,B,0
-0.19996232350745702,-0.5259770659333179,-3.1138706928818745,0.12729833607936272,-0.4054038744962716,0.5823414923947549,B,0
-0.23565789839405338,-1.6514442503641904,0.029280016196642,2.0203690738179163,-1.3314750817383139,-1.7664885541730606,B,1
1.9907393802757642,-0.5158353185841643,-1.2912180712506456,0.25326294591769244,-3.0720533021504086,-0.5033370097573975,B,0
-2.8339520249455576,0.02833877948359525,-1.7184627648415447,1.1318548350160942,-1.1501196664459308,-0.7309081187841835,B,0
1.4083463117935344,0.33606007948893707,-0.7840223544653073,-0.6394567651047393,-1.494646483524747,0.8995238775979764,B,0
-0.7277874390899772,-0.9686923377395297,1.2610660835614687,-2.288908688654389,0.26814162523436436,1.22022278752593,A,1
-0.12269387201887849,-0.44163880967673935,-1.08197084878771,0.9191965590177231,-2.7649081233052915,-0.3633663639210618,B,0
1.8858512410756254,-0.24247905415389318,0.9066364916161398,-1.0497731582606398,-2.4412686288454806,0.24382110661825862,B,0
0.5105525628013805,0.25523823842976684,-0.683442511945809,1.0932496395773779,-0.9451415530563776,-0.4113873337691446,C,1
0.6108151089279601,0.6675433113058149,-1.2584553885755256,2.073532246040845,0.04036361642861541,-3.0675168715395733,B,1
1.1974323497656116,0.993488469248925,-1.6466932758075679,-0.9264748798339616,-2.8448202801106133,-0.8657807133773758,B,0
0.015400826393499711,1.1844347397059,0.8562717726406206,-0.21466182168129297,-1.5026122994770197,-2.4744574023662143,A,0
0.570233787763665,0.8114000715115102,-0.5533802107122059,-0.8900882535283356,-1.2069065131810874,-2.62905280744144,A,1
-0.6262042466727689,-0.0693641053542784,-0.7425612142430482,0.43272389942683376,0.5567635169958529,-0.579527147245116,B,0
-0.29409238734531307,-0.8065623997852953,2.6420517217753106,-0.3657638133162323,-1.2572969305779877,2.0684856335782364,B,1
-1.197709361858687,0.8618442070599982,-0.7009361351015275,0.7370399696387667,3.666418917241624,0.11626397354194096,,1
-0.8922579434407221,-0.20402716147124222,-0.3018130274351938,0.057482754305274414,-1.1648780605084086,-3.5984712138027195,B,0
-0.08178849512705366,-0.8732348108429826,-1.5319409587071395,0.8289656094812681,0.02918401027443629,0.4254678041941893,,0
-0.43583570654813186,0.8381483287730991,-2.7794156622394306,-0.2574750311202196,-4.805871980687234,2.9930948588761583,A,0
-0.32672243587162586,-1.4732693157830477,-2.6501753929664913,0.8237596147758428,-0.5717555949661786,0.2862774662714954,A,0
0.7216913557499625,1.8833341096690048,-0.851414759293489,-1.6170110847481478,-0.22006012026937283,1.7238589264766646,A,0
-0.7417612226541428,1.6838080770206019,-3.808646020477987,-1.2128634493082435,-0.5609470358211472,-0.14641116298436696,A,0
-0.7038926574500908,2.989889343707059,0.3749001185756581,0.7017401991836565,2.8005256549880033,0.8495620798940122,C,1
2.560093118790093,0.23432329317991427,1.2932703294771661,0.7659963498103961,-3.0090495184031125,0.04206623562506695,A,0
-0.25420898468866804,-0.6605411315373179,1.0041306509900756,-0.2786799177078962,3.263757592471462,-3.1737519687647007,B,0
2.133886105974148,0.04729951330689839,0.9545792057563258,-0.10187382353381645,-2.4485811490217073,0.3132203049642579,A,0
-0.294634709579201,1.1640431861839835,-0.9485538659828762,-0.8485039331783532,-0.3948137556142758,-3.1396936355460583,C,1
-1.7739205072004673,-0.8038168584562375,2.8766459466137855,-0.7565586120386898,1.9407583753741933,1.6438689765774472,C,1
0.022145637599499057,0.3978859289459106,-0.7510217847923601,0.600928847130378,-0.2165343228145895,-2.035492971250653,A,0
0.8420282409542069,1.0385072661712607,-1.0221565009665434,-0.37885210067898983,-0.6754943251660502,-2.0265824764189793,A,1
-1.4239308839381906,-0.12302201730067534,-0.7707868251269678,0.3350688280864502,-2.3249641390206897,-2.215783754676405,A,1
-0.07928005247374081,-0.7692314244153692,1.6464579336083567,-0.37725351210242913,1.545485798789701,1.7195874199298484,B,1
0.3407605586294675,-0.674324747202384,-1.4436835743274856,0.21056645731155904,-1.0427143845961728,0.2453974131636255,C,0
0.3372708656527478,-1.4103730544485393,0.8920493704495658,-0.7736041655982794,-0.984134626734023,-0.3176568771658611,B,1
-2.1897055909319287,1.0134941634577268,-0.9504724501207632,-1.1308201434352332,1.8430356577697302,-2.4558262091883836,,0
1.2264615163300963,-0.3632471244719285,-0.3829063743970751,0.8308091008023237,-0.992435620430425,1.3031253735270327,B,0
-1.6225890650352186,0.43990474377091365,2.8699169841818932,1.0752790958354728,0.8092701344579336,1.683515356837849,A,1
0.1935584744532851,-0.6960162205519673,-2.500175160310741,0.3707757516194529,-0.8534752915193891,0.31822942409712085,B,0
-0.5549004187605795,-0.4529946592752902,1.1197626750013483,1.3054958663753025,0.770845027488775,1.2389581528318745,A,1
-1.433879158313848,-1.9697561761930444,1.5490032405242369,1.323085252810856,0.9940683743810673,1.0951243522442424,C,1
0.6148190695601998,-0.44318662730146785,-3.545540660198605,-0.26315245309438257,-2.774971060851801,-2.2182655232291255,A,1
-1.2880269950360503,1.1306063010229261,-1.6891738797625493,-0.1040228037692428,-0.7239014910251308,-0.33707725441774494,B,0
0.9238033143724864,-0.4684239464871573,-1.0269222613616835,-0.01152900964193159,-0.6747904283695316,1.2739360986470958,B,0
-0.5453003823350264,0.8100471174000526,2.188169796672621,0.7866429391461648,0.622095734677008,-0.30335363957376826,A,1
0.8313591152245734,-1.254959370803667,-1.1897183236526523,0.5310368324700779,-1.2151477760856404,-1.771336217318753,B,0
-1.522673031840788,-0.03304988873060463,1.643830192820403,-0.3157088417309406,-0.11662614959638429,1.0931844879736672,B,1
-0.34814973934231697,1.7901918173786424,-2.312372016016621,0.6042213889881032,0.8358415268917818,1.8499350213172323,A,0
1.1278502443283511,0.06674032292987171,-0.8970262229697017,0.3748642791343642,-1.1272485613252066,0.9379583379708949,A,0
2.40251381252608,0.6154366383543161,-0.5745535009794246,-2.3207015834656812,-0.9889333928261278,0.546098126343161,A,1
-0.9467601990952319,0.12503767352868775,0.6877049359209311,0.22711538427784345,0.46263049492819264,0.8533621584676481,A,1
-1.319166168830979,0.6269441636031792,0.5939900655876487,0.7474011949159044,2.015927191125914,0.686124635961502,B,1
-0.4730433919735153,-1.0208493207160971,0.10134022053797898,-0.8548756242577211,-2.2409992394587293,-0.3694113616438718,A,0
0.1131122112321139,0.5870585958486829,-2.1447408439719253,0.20176104840696166,1.793492128480357,0.7076855371616126,C,0
-1.8894215039260414,-0.37866628602795105,-0.5028787781825278,0.3863346991158451,-3.4707435592275213,-0.787943435065445,A,0
-0.7266819557668385,0.7687201142026477,-0.23245369231317392,0.6627776501472367,2.0354045945442856,0.5152704547386406,B,1
-0.5078526574831954,0.282256910582161,-0.7802524956338884,-1.4946355110905596,-1.1617064395107928,-1.3004700207429531,C,0
-0.5260411210941063,0.07145580640526179,-2.2293263611261906,-0.3267335599653296,-2.5692297761422696,0.7964835082005641,B,0
1.1900891612783822,0.16215666408741472,0.14343725951869812,0.3953909638434638,-0.6453338837997182,1.5564730501944533,C,0
2.589134437320698,-0.9678718901358987,-1.9618355294975336,0.18884397998352198,-1.4805400755883107,1.6232951564539433,,1
2.6247543495760186,-0.7733206066145187,0.9433411737193236,0.5018214128389714,-3.493351556859951,-0.5165990370165123,A,1
-1.2067679704063423,0.3540745010139456,0.15915723704412676,-0.42066059394841804,-0.43914599075945404,-2.156027191919483,A,0
-1.8328616174571533,0.38160942805778725,-1.2777891160946988,1.0241463731336162,-2.6828612176261903,-1.3129597890147366,A,0
1.992980548956218,0.7481405802752756,-1.3008325554454274,0.26704447676832993,-2.9283396217548243,0.1285722896554835,A,0
0.6164356907156698,-0.2940237382411192,-1.7657552248841855,-0.7440268225098374,-0.41623124523137167,1.3368010213829697,A,0
-1.3538750829932553,-0.901000602439998,-0.1534069088721659,-0.4266672084688718,-1.1584456430734462,-1.0964378427975456,C,0
1.163053889106465,-0.9653552855356314,-0.23329696987069792,0.6549917878621111,-0.9545244313863077,1.1753845031312422,A,0
1.1423961390777069,-0.4322035140054704,-3.3163788254862294,-0.8107659620190041,-4.7132489013499494,3.621665366334363,C,0
-0.7221283837242657,0.8199905050042179,-2.446447301870907,-0.9661769980053434,-0.4048550790273364,1.2168881771337308,C,0
1.1365816092795409,1.096091434159942,-0.3917982995304803,1.5536789604456933,-2.08260979676583,-0.8787885447005702,C,1
-0.7728524738664764,0.7229986580384247,1.378683233363807,0.16485801047263063,2.1740075042756564,1.3088296911756783,A,1
-2.0523732093982465,0.21530508701980072,0.9678128607507174,-1.3870123838329904,2.463264599672724,0.5890476323876235,C,1
0.008894598148644461,-1.3636400082325943,-3.0032278604044915,1.3890345328181057,0.27927326002946473,1.7158926284718143,B,0
0.3647782790540891,0.30837687697578375,-3.703742789491301,-1.1349664169527571,-1.4148498529551703,-0.00234460476798537,C,0
1.4601763096430151,0.32414097087102683,-0.1858405201861043,0.5017941749388556,-0.9601546519593243,0.8839827302847783,B,1
0.3461801433117526,-0.7902475096322993,0.17415212813878633,0.6588918495922302,-0.18223973541729221,-0.8298198780190603,C,0
-1.0655402105391325,1.4711151480284466,0.12002216364860896,0.28896670096690225,1.5340628768403315,0.5397522191518855,B,1
1.2285561112066126,0.37195233871040567,-0.2936693463411302,-0.3128736666187184,-1.2715209467870374,0.9327335349672536,A,0
1.0721138411699567,-1.0855951559729504,-1.1492487531578368,-0.024168207340386633,-1.1131969164830267,0.3810538375998491,B,1
-1.8217607431141958,0.8879664516319535,2.3935484266711224,-0.2894659213235031,0.7047776897029658,1.3622145101253227,A,1
2.1495491536044744,-0.20277289388253594,0.9318875350605194,-0.1164224000297803,-1.8724634521474028,1.002892553157037,C,0
-0.5544399412342487,-0.7769089288923718,1.3051857243420542,-1.1338514999845655,2.7824805724174553,-3.4387518949681444,,0
0.5393525192902835,1.65957179579483,-1.3360284314674913,-0.2662034019823957,0.07437245491718247,-1.0930324704402157,A,0
0.8911783971870189,-0.7000408950664414,0.09442954107495694,0.2115678999366735,-1.3162088776320364,1.2759702502057608,B,1
1.579463869191526,-0.8100315186295582,0.042752322212191496,0.8914961237160686,-0.17408328691040376,2.5486704822056137,B,0
0.48419468212714456,-0.8845282299286947,-1.4808676481952108,0.30972744099116595,-0.4876201581263174,1.1439595303457655,A,0
-0.13482942541084508,1.1220703448967464,-2.503669198647697,1.326130189747805,0.08065654499942232,1.0983613592624522,C,0
-3.3983106682667303,1.1744499329882072,-0.9068965471513413,1.187553189781012,-3.6530930002193207,-2.2774517835723964,C,0
1.8061506769223628,1.3687314742086432,-1.0272236375988995,-0.08983472713013002,-1.4459574520280825,0.5007103760870624,C,1
0.7254694749017162,-0.6317829786704786,-1.806620744395728,-0.5269813196512695,-1.3328710044643906,-0.05936540863982742,B,1
0.9596733120576607,0.4106543613356517,-1.3546439948011848,-1.234674047812533,-0.7636630937682711,1.275239023252614,B,1
-0.02194517730778789,0.7977197962609371,-0.7907532052687661,-1.3065460135130869,-1.5829812003770702,-1.7111400893592632,B,1
-0.4230197627717637,-0.34753972715238435,-0.011938081292593772,0.43877340825505035,3.408426834954415,0.7862881215238429,B,1
-0.7813149142334905,-0.687047385608295,-1.6514963776385594,0.6483989562744662,-1.3644455659113903,-0.7143420178309532,A,0
-1.976986002750141,-0.011455886898284336,-0.1037533913566131,-1.0902377091303943,2.0335742040561415,0.0586982363028874,A,1
-0.46931542485234523,-0.23501582937245566,0.6681394277856795,-0.9427361221864503,1.2898412864321573,1.057814366013481,A,1
1.589416338458197,-1.1244982332283122,-3.958931645255362,-1.1017370628651137,-2.307124805775344,-0.5220755029025346,B,1
-0.15206627297285724,0.1304191075093118,0.09799506250622336,-0.3420320274653403,2.316890350600179,0.915331748953998,A,1
3.409913331429306,-2.047700742468457,-0.8438165618489454,1.0771765284923875,-0.38133517159497565,-0.15283265053931383,A,1
1.9609734581683207,1.0035785908277302,0.34359642118255707,-0.7585745002427576,-1.973728445175389,0.8666107910542631,C,0
-1.0684991868985307,0.5584484838729614,1.2755546120541876,-0.11776619984627364,0.9848472575213585,1.120545723122044,B,1
-1.3002644380842725,0.5427099312453759,-0.4267209103538272,0.5431248157000023,0.14856853678570325,0.1402275244412452,B,1
-0.8257080029140951,0.5874835263380768,-0.21009664524792038,1.5650791972299403,-0.12107011637462184,0.11211161010262805,B,1
0.292868432603967,-1.652926697416223,-2.1096315161557717,0.4695022523519667,-1.7214936643052328,-3.2587766093050856,C,1
1.4452312115398487,-1.067863668700836,-1.3797160298010764,0.025121088551268475,-1.1410451420980863,1.2331870902943416,C,0
1.202196841767787,-0.22069848345632212,0.4457063459730959,-1.0661221245453603,0.8284418489350023,3.196537583273674,A,0
-0.7046921126893203,-1.2649488938870674,2.3891994422163116,-0.7030746571767867,2.7838733919822056,1.8538126513403046,C,1
1.4182346855912225,-0.06913293970114649,0.6611171107672513,-0.7819817400819662,0.44665138890391765,0.042533200148890726,B,1
2.5853049799029164,0.21458842888850235,0.4037679008323789,1.943583428819606,-1.563189815362554,1.8572015178303387,C,0
-0.5356047039352574,-0.479148814304741,2.7176206187174907,0.6573920479150489,0.10278141751071779,2.037957970841646,B,1
-1.7565553772370661,1.5691736182555036,1.0936032601484535,1.828408462559202,0.23526629748472483,0.7149198602113525,A,1
0.10167264929011899,0.5926037784017504,1.2990101318678717,0.3831640232150719,0.9764187107865585,0.5641620045617872,C,1
-0.2669312754017963,0.2681310797641104,-1.5165613552204138,-1.680379306491713,-0.6188331749959131,-3.2491139962104727,A,1
0.8988694479502444,-0.607030583695945,-0.7757793822137399,1.093108014466117,-2.0150994176635453,-0.3848113935670696,C,0
0.5578199920780217,-1.4481274108202384,-2.8253684042108245,-1.1712354472292383,-1.3269366502294948,-3.3803618586891635,A,1
0.25366693252714567,-0.13523763564072158,-0.37042223372550187,-1.2442127433573758,1.085948180603096,0.8234247587959715,A,1
1.1085650992980298,-1.2114415140438226,-2.3073302500358324,-0.5509315688649992,-1.1793445414369959,1.0029961925718511,B,0
1.7360733196998637,-1.2180364813521096,-0.4727440670853513,-1.1644743151728765,1.8812529828785385,0.02603526394556277,C,0
1.548370889500716,2.68209481364969,0.4372061328327794,-0.6604598735625085,-0.3817467024379545,2.1968363597929104,B,0
-0.241662092993703,-1.3924767198319314,-1.5360959146220825,-0.6309551630794976,0.19109142490258657,1.1944043958179003,A,0
0.16062417687172237,0.8474482106813118,-1.0066871744734356,0.8036442484826389,0.29174029146651437,1.610135864647106,A,0
1.4548198134441364,-0.31045214269982274,0.7486928447245369,-1.0183375448777339,-1.5555548536285784,0.6235270281677148,C,1
-1.133696287981223,-0.3673817746490206,-1.7248852237491463,1.3801159295754988,-0.8436044927014315,0.049478347140041956,C,0
0.5859125500002742,,-1.517570074277284,-0.31043257851173184,0.05057657071772059,0.3500713000752782,A,0
-1.4841246039483198,0.3126203056458294,-0.4151379373961741,0.8550396827176499,0.07240281338620802,-3.168359105275865,B,0
0.2928208272790377,0.30157213608546424,-3.3377349288754936,-0.25871222738069843,-0.9448205475205311,0.4368565266708845,A,0
2.801981151926837,-0.8669042053486805,-0.10177749107424117,-0.13481832019834056,0.14763748082218053,1.14306487923094,A,1
-1.3920730892310946,1.7095605628922443,0.5619064639595539,-1.0673322229847908,0.9860997988205435,-3.019680380255595,C,0
0.3322183531699219,0.017419334354858335,-1.0234005534206525,-0.41622197644613673,0.3219582031492505,-1.0356452213684335,B,0
1.8670366883262868,0.026067038576484364,-2.11442076967546,-0.3419726588862771,-1.469064763205102,-2.0783372422352118,A,1
0.43462302209018877,0.5034807966039992,-1.6384146967997752,0.7366540266353042,-2.998017247913691,0.4481779773569783,B,0
1.1600775576438611,0.9283317333762339,-0.2767609117337039,0.06981845087151842,0.018693452035123626,2.461164281726252,B,0
-0.47134221248217023,1.5628557256425852,0.32060926611484586,-0.02456420700988399,-0.3176888947952905,-2.6838172648644605,A,0
-0.14353172657766744,0.6601098756999022,0.08933019957553634,-1.2306838821003936,2.604385697676981,0.9251393231203199,B,1
-0.18972036803880565,1.9896233197859403,1.107179098237691,1.007648027585613,1.4227199166765407,1.3922805861250167,A,1
-0.5672399512101262,-1.2908598325968426,-0.8243290209470828,0.8945577675765074,1.3913734004209966,0.26760058541817944,A,1
-1.9282420143289734,-0.5566954688742749,1.6076182627238924,0.3229683850718643,1.8612109753652109,0.9456953350031946,C,1
-3.2075724265981176,-1.0064333071717706,5.042265930213673,-0.191845783812055,-0.09127376279720556,2.107769381708942,C,1
-1.5784419220507693,0.46522568269359166,1.9497893353579936,1.4748339702164097,1.3793504078056964,1.2497051644625485,A,1
0.21342455612722822,-1.3122550327594737,-1.0304237575736885,0.6753231431127384,-2.3280500910015864,-0.42432329519853895,C,1
-0.3850466885412418,-0.551912156493491,-2.7298447927012526,1.0710333147226698,0.4486260895802934,1.4297338321083344,B,0
-0.8459304632453233,-1.3299853909380148,-0.09678952809194508,0.425184479961616,1.342647820596568,0.5227149090213479,C,1
0.6972761464014442,-0.6240203532433499,-0.3253084196529369,0.8445256063145354,-1.5891877168911193,-2.940635996798842,C,1
1.6225693802946104,-0.3787411740441498,0.5293352467483583,-1.3214548609811825,-1.552510447558642,0.9907887252653649,B,0
1.0044999053021009,1.6712211594406303,-1.5083515568400252,-0.37911884261292667,0.03487914666631586,0.5623112180363208,B,1
-2.7567444199099094,-1.1600829622691022,0.2389184305670078,2.1865425051757894,0.07201661414723382,-2.958360391246697,B,0
1.6252386798168854,-0.1612360523975054,0.32337033241354196,0.2680647979486415,-1.9704461587001387,0.513652924488244,C,0
1.0082097018377951,0.7141847580629287,-0.4974140792104911,1.455841090469153,-0.987705858766806,1.0889228781352425,A,0
1.14693100976968,0.2024980071945192,-1.9087524250219192,-1.0478277042542825,-3.5305858540927346,0.299702390426525,A,0
-1.265816733249905,-1.2100821807378879,-0.9269527262126737,0.37917526251789474,0.6435339916866483,-0.877458689760912,A,0
1.5294491991338401,0.4549085999526743,0.7605431219245489,-1.5475049600522277,-0.4365952720244034,0.9187980154669546,A,1
0.3056731541873583,0.16431265811798265,-2.8684272911426083,-0.52069233454246,-0.2624442722777669,1.3692074654551085,A,0
-1.1550396576548143,0.42087675793214857,0.8462968196922025,-0.15838989451005403,-0.8647255151110385,0.820308850936731,A,1
-1.8544549758782152,-1.2890718936294387,-1.3834114227769843,-0.31833405541627624,-0.2677336373533896,-0.1392886029630449,C,0
-1.5676382836202736,0.7443038165359411,-0.8256239937171086,1.0612507136045222,-0.4686244129973891,-1.4789830265386543,A,0
-0.8300979086866558,1.1237731083486033,2.4486531888620187,0.7932613397279638,-0.39286115289855084,1.7721222866570128,C,1
-0.12215634953021492,1.8469318159501202,-0.5545080741893997,0.10861841905908638,0.4386752733327728,-2.5528064602496956,A,0
-0.7123466745562795,0.3394738577519713,-0.1957409855274932,0.7331020617774338,0.41758624521684673,0.5056637067640959,C,1
-1.8541150845243817,0.09521273084678365,-0.6912074464823187,-0.5183673276276509,-0.3771097853536568,-1.286383601434133,A,0
0.42901542774891466,-1.0242215292428631,-1.9031170302016203,-0.01734133518371568,-0.572231677006225,-1.3748973603176655,B,0
-3.519238625178301,1.5765697613218899,-0.6999352313547333,0.7484887384846612,2.155417504203354,-2.010435431427089,A,0
-0.3894995592005248,0.560946698100082,-1.9263892206881819,1.1392846302228583,0.17752386759032768,1.0578974314791585,B,0
2.2797576086902938,0.05913765614466894,0.43443093673957733,-0.6960350773298893,-1.5716983214620852,1.6377958979906702,B,0
-0.010589453015049766,-0.9562694173960221,-0.11653728560895649,-0.4321455265858987,-1.7511501688358488,-1.9450985251117623,B,0
0.4001034657514133,-0.4755023856756427,-1.3983520816355328,-0.08740986824153171,-1.0813867493712774,0.3485205001205526,B,0
2.20458373391319,,0.6737103486960658,-1.9429209005157861,1.9212994610299394,2.1224695782018355,B,1
-0.2970152181721296,-2.7714191585648598,0.8670688776949474,-0.39552470161404296,1.791673871038991,1.2436917611490175,C,1
-1.3295544123758656,-0.02512884910727501,-1.1104282141446307,0.22460046691790986,-0.8064122052107332,0.5701007225019554,B,0
1.091515662808579,1.7243613593342195,1.1118243859640273,-1.5129484343376072,-0.6312405577696116,1.4287461546371572,B,0
0.3712250830081767,-1.185318442402258,-0.5799595438773171,-0.008821466903154005,-0.18818994232689956,-1.531907904987381,A,1
0.9777806991221067,-0.8332328054847637,-0.4268102956141354,0.23258613234332473,-1.1393143743347336,0.907114728560892,B,0
0.23694187439149916,0.8252658296849429,0.1418642030963233,1.2364873814966377,-1.1170178704424252,0.26619608029881925,A,1
2.213231462636843,0.31972098591687137,-3.9643229749139515,0.6969385614584029,-2.539940873801233,-1.2074278066404691,A,1
-1.0875553700701839,-0.37834052045199656,-0.2405164516666045,0.486418831849281,1.2706105563919836,0.3466673624151634,C,1
0.9774477428035256,0.49073220756036456,-2.434324756464428,1.502730697539709,-1.7598059402282276,0.16712863392773425,A,1
0.37756886362766084,0.12053103409627292,-2.0889334882066053,0.5554927272977089,1.9790323919019435,-0.7657351648311214,B,1
-1.036947649209536,-0.5339443560016144,0.16399077889825597,0.4255099497852864,-0.3804481416247911,-2.0425678094032933,C,1
-0.6843136150850609,-0.1753832526855171,1.731456298898172,-0.09528250530057591,0.9082009985095945,-3.1249841509356866,C,0
-1.5246809367821594,-1.784809652056662,-0.13459909487129784,0.17088912715683818,-0.30927309251087576,0.18310748490994344,A,1
-1.023269205793127,1.643524008793492,-1.3975766389992352,0.3229747419548588,-2.673811925350484,-0.8139366101020953,A,0
-0.9560042364928939,0.9570234238388585,1.1415895822018243,-0.004523140508435562,0.004642886529218071,1.0692250524026718,B,1
-0.15599476240135646,-1.481118292510717,-0.7127430444205418,-2.6131968803157015,-1.6997789743024025,-1.9463389495597891,B,1
-1.0969745190564453,2.4710997795809777,1.09795757309739,-0.5220427657409935,-0.1549304386860918,-2.5752477564656076,C,1
-1.7574945897042995,,1.5410377246966642,-0.5309778640451468,1.7174066418032945,0.975261487219039,A,1
0.4886229749004708,2.380045448819329,-2.6738185696008143,0.0546646060142735,-1.7489389726115898,-1.3405301712395836,A,1
-1.0504980172915963,-0.42178456932826613,-1.4692577606469444,-1.128087899983287,-1.5279000906347784,-1.9076825220466958,A,1
0.6357786414432759,-0.22980194809379134,-1.585280155204111,-1.567421264233525,-0.3581126235496488,1.4301496026099336,C,0
0.42300516347400907,0.48405575234493603,-1.8191806070611514,0.9952778525771856,-2.2764790142889595,0.3105219824384018,A,0
-0.7033678061556817,-1.9657605281074724,-0.9188534460491242,1.1563565171907844,-1.475790161167493,-0.7842691584742006,B,0
-1.408998765643441,-1.3050245856307023,-0.3054436952386237,0.3408156249727202,1.0276231550497048,0.17731189007648185,A,1
-0.6049001952556383,-0.31237151418131764,-1.0184525957486381,1.9310029480307835,-0.8890342807514318,-0.28365510650006853,A,0
-1.2303921253453995,-0.6564917728486042,0.5839484770658795,-0.8882502657795266,2.128743492843265,0.7125177194325037,C,1
1.1803838663560322,0.9451929880127986,-2.031398168970588,-1.194199839486084,-1.9038112080475096,0.11588396500963705,A,0
2.1905882099695093,-0.5044918194561928,0.553080880271676,-0.4997960585747727,0.17378076605442216,-2.08594107319242,A,1
2.051458175309919,-1.3334535951927464,1.141993005268302,-1.7636221638232912,0.30828914377740335,0.333077124047223,C,1
0.7235183134093475,1.2922919486814204,-3.1085338129044673,-0.42479364079072807,-3.382288639318922,1.8769428825955008,B,0
1.7852287479147408,-0.7595247532597775,-0.2757399993532902,0.45579206305335174,-1.8974694053424768,0.6600999835723602,A,0
-1.2727792070191233,-0.703548276828621,-1.0898244118878773,0.7812383924513688,2.87666753365816,-0.12062034273962352,B,1
0.0024512395079316907,0.5771175056381428,-0.6069660801669692,-0.14911714321511285,0.3406515117389636,0.5848677802345278,C,1
-0.37529546756566967,-0.7785217271009125,-3.127011947265897,-1.5171350298426214,0.3418393435518985,1.2783567710370762,B,0
-0.6057458490960625,-1.5008085638250308,0.9595601609387439,0.22903842803288998,2.0613307715815816,1.16485573808474,B,1
1.1808236863135348,,-0.5871873441722111,-0.21789670761856958,-0.5728788277824947,-1.1616193523247398,B,1
-0.4364196852697825,0.3937425551428918,-0.21749613859625283,0.42047466173518283,1.34639498180494,-1.8546143508879454,B,0
1.8315089051918363,0.9992848834299647,-0.5740611953242529,0.2372423499153759,-3.1627743352702797,-0.8071599139439141,A,0
0.657528118132851,-0.24643391205677467,-0.3670645453298418,0.4251921403700914,0.13791547073900579,1.8877751763417017,C,0
-1.719194666944938,0.5215044494027005,-3.2312689280809423,-0.21728774347689442,-3.218663507349905,-0.2458173038465694,C,0
-0.382633381686065,-0.1671975203177162,-0.7211164881531198,-1.257443247743311,0.00022267113195661992,-2.735270222278809,A,1
-0.4105719096220408,-1.2901950363400088,-1.3725313730584288,1.408145234613717,-1.5214636302939055,-1.5524455740133547,C,1
-2.1115178905586722,0.6157552896451164,0.4174325621295546,-0.30321893177455866,2.0725657102337394,0.2783615224360845,C,1
-2.7026888623155996,-0.1551492765825006,-0.9767984499043085,0.028090019912308806,-4.230112565999122,-0.6409470217993709,,0
2.4189845623906265,-0.4832921023122727,-2.6400341659895226,0.6004365776258422,-1.9729253008302527,0.7898713050842736,B,1
0.8613132996417379,-0.7561406401520386,-1.1137733158408833,-0.8363808240106838,-2.95013350609395,-1.5099865394914356,B,0
0.8471928331376173,0.5585737239336078,-1.04187323744821,1.126880641761363,-0.639082482510677,-2.0887195355349277,C,1
0.813717585579453,-1.8780918338830004,-1.556795967109814,0.32365292915328225,-1.8506187222703643,-0.13930992361622052,A,0
-0.8533371571241208,-1.4494802090638743,-1.0799500710251535,1.0470621856427118,-1.0160659155283014,-1.483173093430889,C,1
1.9546905199213702,-0.016870373708101415,-1.4142466632568031,0.6552114662789051,-0.9081440870191411,-1.3259812008585714,C,1
-1.4664571908656128,-1.5163322880594503,-1.8096156152981715,-0.7389763318645233,-2.074080736970659,-3.4617620009801544,C,1
-0.4579888983411303,1.2372500729729163,-1.8819016497779302,-0.8948587494896943,1.5795433040064695,0.3687178612520501,B,0
0.7429445779811465,-1.635260860620629,-2.575537096971307,0.06437720656072488,-2.335165661346192,-1.3513118097165626,B,1
0.2314225428365453,1.9462435173995098,-2.7443807319221047,0.6333856337635969,0.6241162200895183,2.1328799205677016,A,0
2.7210560027340955,-0.5108347024780763,-0.8700339909784469,1.0424849602058035,-3.071557774722212,0.31759138754136196,C,0
1.49351990969212,-0.12770946653805024,0.5160457458988992,-1.2701156562458307,-0.7465197566137729,-0.7334138980108666,B,1
2.2962615355442315,-1.022063696607324,-2.6902541224596885,-0.9634393048019902,-1.2805619752285047,-0.27919758812344686,A,1
1.5405223033960667,-1.6721634200346691,-2.751558323679963,-0.22969899135708127,-1.7286676794211626,-3.2404375629901656,C,1
0.9168113619852579,-1.4596760351576847,-1.3848099772981521,0.9020439053828642,-0.6898499140870089,-2.0785986640663614,B,1
3.106276324687227,1.1291142275857367,-0.31488325808728623,-0.04176936746597401,-3.4388694351667546,0.3628176005184981,B,0
1.0597009793811787,0.16556619291438956,-0.9454351768335574,0.4285232957470924,-1.815663677654111,0.16444001659455854,A,0
-1.181633506685119,0.10028251454174507,-1.1515565037170923,2.160076248063167,-0.2326680462298375,-1.133958999836329,C,0
-0.13534966152815098,-1.1973715158011777,-2.7191609527673317,-1.9888893549117852,-3.262884035880692,0.8171521039526326,B,0
-0.8635409721200923,0.6061733064352033,-0.3676292210897316,-0.7385975818825119,0.385987057821092,-1.2666097578142475,C,0
-0.8478682908183075,-0.12347728287160442,1.6374781235577598,1.9301147021569296,0.16740752773927892,1.3663079946240035,C,1
0.3517825293243192,-0.3282598406668381,-2.371535863525989,1.2878618573785914,-1.1725382666275896,0.8793790470534049,A,1
-2.222489538294288,0.015257934900758604,-1.5884110746475502,-0.36474727126634887,0.6124575905697034,-1.305914499625833,A,0
-0.5779014599221144,-0.5815019529945471,2.8513483960373147,-0.925642430695656,-0.46329331156883535,2.070425340738439,C,1
1.0988933203647273,-1.887315964318739,1.025429940377077,-0.07699631295195809,-0.038890358250239676,2.2136330959624475,,0
-0.9145094216942141,1.244670176817495,-0.5434386488240045,0.8528442700943412,-1.7014794558744497,-2.5749832955820313,B,0
2.794780339184214,0.30120471909172103,0.4224560719478885,-0.8939904744695979,-1.961698465337093,1.599419011450201,A,0
2.6616289015304364,1.3042015656516481,-0.960514668164239,-0.7858956459463863,-2.4868331972520723,-1.709439793737252,B,1
1.6289033527377452,0.1596366285520166,-0.39816114286271376,0.48509503110320124,-0.23681366108556257,1.3030115320566078,C,1
-1.6398219376685854,-0.15165816161570367,1.289200111309303,1.2379588212081676,1.235884989804622,0.8844524025689089,A,1
-1.987251991238797,-0.3807737146071027,-1.1342889511531622,0.058390943538507614,-2.0375817038241193,-0.3986385037191249,B,0
-0.9710231993008923,-0.5581615747943759,0.2825450068177371,-1.0310370663562358,1.3991449011459935,0.6567871305312935,C,1
1.0132557607208836,-0.8266215178471473,-0.7041653106916061,0.23923216690004204,-1.1917971311743727,-2.0653665296865418,A,1
1.4467689128593604,0.4282808790075111,-0.5228987995110309,1.1634415928142061,-2.153132053300375,0.08791640391044453,A,0
